Index	Vertex	feature	normal		position		member	gl_Position				member_1			
0	4	1	 1226	-3907	 2811	 2219	 0.000000	-0.887955	-0.857265	 0.001000	 1.000000	 0.054902	 0.709804	 0.874510	 1.000000
1	5	1	-1394	-3851	 2779	 2223	 0.000000	-0.893488	-0.858219	 0.001000	 1.000000	 0.054902	 0.709804	 0.874510	 1.000000
2	9	1	 1284	-3889	 2841	 2246	 0.000000	-0.883256	-0.863598	 0.001000	 1.000000	 0.054902	 0.709804	 0.874510	 1.000000
3	9	1	 1284	-3889	 2841	 2246	 0.000000	-0.883256	-0.863598	 0.001000	 1.000000	 0.054902	 0.709804	 0.874510	 1.000000
4	5	1	-1394	-3851	 2779	 2223	 0.000000	-0.893488	-0.858219	 0.001000	 1.000000	 0.054902	 0.709804	 0.874510	 1.000000
5	13	1	-1152	-3930	 2712	 2266	 0.000000	-0.903907	-0.868273	 0.001000	 1.000000	 0.054902	 0.709804	 0.874510	 1.000000
6	7	1	 1543	-3794	 2618	 2236	 0.000000	-0.918047	-0.861284	 0.001000	 1.000000	 0.054902	 0.709804	 0.874510	 1.000000
7	6	1	-1812	-3673	 2570	 2230	 0.000000	-0.926229	-0.859914	 0.001000	 1.000000	 0.054902	 0.709804	 0.874510	 1.000000
8	10	1	 3470	-2175	 2651	 2261	 0.000000	-0.912498	-0.867637	 0.001000	 1.000000	 0.054902	 0.709804	 0.874510	 1.000000
9	10	1	 3470	-2175	 2651	 2261	 0.000000	-0.912498	-0.867637	 0.001000	 1.000000	 0.054902	 0.709804	 0.874510	 1.000000
10	6	1	-1812	-3673	 2570	 2230	 0.000000	-0.926229	-0.859914	 0.001000	 1.000000	 0.054902	 0.709804	 0.874510	 1.000000
11	12	1	 2596	-3167	 2652	 2266	 0.000000	-0.912520	-0.868506	 0.001000	 1.000000	 0.054902	 0.709804	 0.874510	 1.000000
12	13	1	-1152	-3930	 2712	 2266	 0.000000	-0.903907	-0.868273	 0.001000	 1.000000	 0.054902	 0.709804	 0.874510	 1.000000
13	12	1	 2596	-3167	 2652	 2266	 0.000000	-0.912520	-0.868506	 0.001000	 1.000000	 0.054902	 0.709804	 0.874510	 1.000000
14	14	1	-767	-4023	 2650	 2267	 0.000000	-0.913517	-0.868479	 0.001000	 1.000000	 0.054902	 0.709804	 0.874510	 1.000000
15	12	1	 2596	-3167	 2652	 2266	 0.000000	-0.912520	-0.868506	 0.001000	 1.000000	 0.054902	 0.709804	 0.874510	 1.000000
16	6	1	-1812	-3673	 2570	 2230	 0.000000	-0.926229	-0.859914	 0.001000	 1.000000	 0.054902	 0.709804	 0.874510	 1.000000
17	14	1	-767	-4023	 2650	 2267	 0.000000	-0.913517	-0.868479	 0.001000	 1.000000	 0.054902	 0.709804	 0.874510	 1.000000
18	14	1	-767	-4023	 2650	 2267	 0.000000	-0.913517	-0.868479	 0.001000	 1.000000	 0.054902	 0.709804	 0.874510	 1.000000
19	6	1	-1812	-3673	 2570	 2230	 0.000000	-0.926229	-0.859914	 0.001000	 1.000000	 0.054902	 0.709804	 0.874510	 1.000000
20	16	1	-1567	 3784	 2651	 2268	 0.000000	-0.913523	-0.871096	 0.001000	 1.000000	 0.054902	 0.709804	 0.874510	 1.000000
21	16	1	-1567	 3784	 2651	 2268	 0.000000	-0.913523	-0.871096	 0.001000	 1.000000	 0.054902	 0.709804	 0.874510	 1.000000
22	6	1	-1812	-3673	 2570	 2230	 0.000000	-0.926229	-0.859914	 0.001000	 1.000000	 0.054902	 0.709804	 0.874510	 1.000000
23	19	1	-2763	-3023	 2546	 2271	 0.000000	-0.930173	-0.869722	 0.001000	 1.000000	 0.054902	 0.709804	 0.874510	 1.000000
24	17	1	-4065	-500	 2654	 2268	 0.000000	-0.913563	-0.869789	 0.001000	 1.000000	 0.054902	 0.709804	 0.874510	 1.000000
25	16	1	-1567	 3784	 2651	 2268	 0.000000	-0.913523	-0.871096	 0.001000	 1.000000	 0.054902	 0.709804	 0.874510	 1.000000
26	19	1	-2763	-3023	 2546	 2271	 0.000000	-0.930173	-0.869722	 0.001000	 1.000000	 0.054902	 0.709804	 0.874510	 1.000000
27	11	1	 1103	-3944	 2908	 2265	 0.000000	-0.872824	-0.868035	 0.001000	 1.000000	 0.054902	 0.709804	 0.874510	 1.000000
28	18	1	-3014	-2773	 2901	 2268	 0.000000	-0.874755	-0.869095	 0.001000	 1.000000	 0.054902	 0.709804	 0.874510	 1.000000
29	20	1	-1271	-3893	 2900	 2271	 0.000000	-0.874557	-0.869456	 0.001000	 1.000000	 0.054902	 0.709804	 0.874510	 1.000000
30	11	1	 1103	-3944	 2908	 2265	 0.000000	-0.872824	-0.868035	 0.001000	 1.000000	 0.054902	 0.709804	 0.874510	 1.000000
31	20	1	-1271	-3893	 2900	 2271	 0.000000	-0.874557	-0.869456	 0.001000	 1.000000	 0.054902	 0.709804	 0.874510	 1.000000
32	21	1	 626	-4047	 2918	 2279	 0.000000	-0.871358	-0.871284	 0.001000	 1.000000	 0.054902	 0.709804	 0.874510	 1.000000
33	15	1	-1115	-3941	 2934	 2267	 0.000000	-0.869212	-0.868504	 0.001000	 1.000000	 0.054902	 0.709804	 0.874510	 1.000000
34	21	1	 626	-4047	 2918	 2279	 0.000000	-0.871358	-0.871284	 0.001000	 1.000000	 0.054902	 0.709804	 0.874510	 1.000000
35	22	1	 943	-3985	 3064	 2279	 0.000000	-0.848481	-0.871303	 0.001000	 1.000000	 0.054902	 0.709804	 0.874510	 1.000000
36	8	1	 1058	-3956	 2862	 2244	 0.000000	-0.880020	-0.863109	 0.001000	 1.000000	 0.054902	 0.709804	 0.874510	 1.000000
37	9	1	 1284	-3889	 2841	 2246	 0.000000	-0.883256	-0.863598	 0.001000	 1.000000	 0.054902	 0.709804	 0.874510	 1.000000
38	13	1	-1152	-3930	 2712	 2266	 0.000000	-0.903907	-0.868273	 0.001000	 1.000000	 0.054902	 0.709804	 0.874510	 1.000000
39	13	1	-1152	-3930	 2712	 2266	 0.000000	-0.903907	-0.868273	 0.001000	 1.000000	 0.054902	 0.709804	 0.874510	 1.000000
40	14	1	-767	-4023	 2650	 2267	 0.000000	-0.913517	-0.868479	 0.001000	 1.000000	 0.054902	 0.709804	 0.874510	 1.000000
41	17	1	-4065	-500	 2654	 2268	 0.000000	-0.913563	-0.869789	 0.001000	 1.000000	 0.054902	 0.709804	 0.874510	 1.000000
42	8	1	 1058	-3956	 2862	 2244	 0.000000	-0.880020	-0.863109	 0.001000	 1.000000	 0.054902	 0.709804	 0.874510	 1.000000
43	13	1	-1152	-3930	 2712	 2266	 0.000000	-0.903907	-0.868273	 0.001000	 1.000000	 0.054902	 0.709804	 0.874510	 1.000000
44	20	1	-1271	-3893	 2900	 2271	 0.000000	-0.874557	-0.869456	 0.001000	 1.000000	 0.054902	 0.709804	 0.874510	 1.000000
45	13	1	-1152	-3930	 2712	 2266	 0.000000	-0.903907	-0.868273	 0.001000	 1.000000	 0.054902	 0.709804	 0.874510	 1.000000
46	17	1	-4065	-500	 2654	 2268	 0.000000	-0.913563	-0.869789	 0.001000	 1.000000	 0.054902	 0.709804	 0.874510	 1.000000
47	20	1	-1271	-3893	 2900	 2271	 0.000000	-0.874557	-0.869456	 0.001000	 1.000000	 0.054902	 0.709804	 0.874510	 1.000000
48	17	1	-4065	-500	 2654	 2268	 0.000000	-0.913563	-0.869789	 0.001000	 1.000000	 0.054902	 0.709804	 0.874510	 1.000000
49	19	1	-2763	-3023	 2546	 2271	 0.000000	-0.930173	-0.869722	 0.001000	 1.000000	 0.054902	 0.709804	 0.874510	 1.000000
50	20	1	-1271	-3893	 2900	 2271	 0.000000	-0.874557	-0.869456	 0.001000	 1.000000	 0.054902	 0.709804	 0.874510	 1.000000
51	20	1	-1271	-3893	 2900	 2271	 0.000000	-0.874557	-0.869456	 0.001000	 1.000000	 0.054902	 0.709804	 0.874510	 1.000000
52	19	1	-2763	-3023	 2546	 2271	 0.000000	-0.930173	-0.869722	 0.001000	 1.000000	 0.054902	 0.709804	 0.874510	 1.000000
53	21	1	 626	-4047	 2918	 2279	 0.000000	-0.871358	-0.871284	 0.001000	 1.000000	 0.054902	 0.709804	 0.874510	 1.000000
54	19	1	-2763	-3023	 2546	 2271	 0.000000	-0.930173	-0.869722	 0.001000	 1.000000	 0.054902	 0.709804	 0.874510	 1.000000
55	23	1	-3025	-2761	 2512	 2287	 0.000000	-0.935539	-0.873552	 0.001000	 1.000000	 0.054902	 0.709804	 0.874510	 1.000000
56	24	1	 2896	 2896	 2514	 2294	 0.000000	-0.934021	-0.876919	 0.001000	 1.000000	 0.054902	 0.709804	 0.874510	 1.000000
57	19	1	-2763	-3023	 2546	 2271	 0.000000	-0.930173	-0.869722	 0.001000	 1.000000	 0.054902	 0.709804	 0.874510	 1.000000
58	24	1	 2896	 2896	 2514	 2294	 0.000000	-0.934021	-0.876919	 0.001000	 1.000000	 0.054902	 0.709804	 0.874510	 1.000000
59	25	1	 4043	-656	 2517	 2294	 0.000000	-0.933319	-0.875835	 0.001000	 1.000000	 0.054902	 0.709804	 0.874510	 1.000000
60	21	1	 626	-4047	 2918	 2279	 0.000000	-0.871358	-0.871284	 0.001000	 1.000000	 0.054902	 0.709804	 0.874510	 1.000000
61	19	1	-2763	-3023	 2546	 2271	 0.000000	-0.930173	-0.869722	 0.001000	 1.000000	 0.054902	 0.709804	 0.874510	 1.000000
62	25	1	 4043	-656	 2517	 2294	 0.000000	-0.933319	-0.875835	 0.001000	 1.000000	 0.054902	 0.709804	 0.874510	 1.000000
63	22	1	 943	-3985	 3064	 2279	 0.000000	-0.848481	-0.871303	 0.001000	 1.000000	 0.054902	 0.709804	 0.874510	 1.000000
64	21	1	 626	-4047	 2918	 2279	 0.000000	-0.871358	-0.871284	 0.001000	 1.000000	 0.054902	 0.709804	 0.874510	 1.000000
65	25	1	 4043	-656	 2517	 2294	 0.000000	-0.933319	-0.875835	 0.001000	 1.000000	 0.054902	 0.709804	 0.874510	 1.000000
66	22	1	 943	-3985	 3064	 2279	 0.000000	-0.848481	-0.871303	 0.001000	 1.000000	 0.054902	 0.709804	 0.874510	 1.000000
67	25	1	 4043	-656	 2517	 2294	 0.000000	-0.933319	-0.875835	 0.001000	 1.000000	 0.054902	 0.709804	 0.874510	 1.000000
68	26	1	-2587	 3174	 2514	 2295	 0.000000	-0.935137	-0.877238	 0.001000	 1.000000	 0.054902	 0.709804	 0.874510	 1.000000
69	22	1	 943	-3985	 3064	 2279	 0.000000	-0.848481	-0.871303	 0.001000	 1.000000	 0.054902	 0.709804	 0.874510	 1.000000
70	26	1	-2587	 3174	 2514	 2295	 0.000000	-0.935137	-0.877238	 0.001000	 1.000000	 0.054902	 0.709804	 0.874510	 1.000000
71	27	1	 2038	-3552	 3133	 2306	 0.000000	-0.837477	-0.877764	 0.001000	 1.000000	 0.054902	 0.709804	 0.874510	 1.000000
72	24	1	 2896	 2896	 2514	 2294	 0.000000	-0.934021	-0.876919	 0.001000	 1.000000	 0.054902	 0.709804	 0.874510	 1.000000
73	23	1	-3025	-2761	 2512	 2287	 0.000000	-0.935539	-0.873552	 0.001000	 1.000000	 0.054902	 0.709804	 0.874510	 1.000000
74	26	1	-2587	 3174	 2514	 2295	 0.000000	-0.935137	-0.877238	 0.001000	 1.000000	 0.054902	 0.709804	 0.874510	 1.000000
75	26	1	-2587	 3174	 2514	 2295	 0.000000	-0.935137	-0.877238	 0.001000	 1.000000	 0.054902	 0.709804	 0.874510	 1.000000
76	23	1	-3025	-2761	 2512	 2287	 0.000000	-0.935539	-0.873552	 0.001000	 1.000000	 0.054902	 0.709804	 0.874510	 1.000000
77	28	1	-2575	-3184	 2496	 2331	 0.000000	-0.937947	-0.883735	 0.001000	 1.000000	 0.054902	 0.709804	 0.874510	 1.000000
78	27	1	 2038	-3552	 3133	 2306	 0.000000	-0.837477	-0.877764	 0.001000	 1.000000	 0.054902	 0.709804	 0.874510	 1.000000
79	26	1	-2587	 3174	 2514	 2295	 0.000000	-0.935137	-0.877238	 0.001000	 1.000000	 0.054902	 0.709804	 0.874510	 1.000000
80	28	1	-2575	-3184	 2496	 2331	 0.000000	-0.937947	-0.883735	 0.001000	 1.000000	 0.054902	 0.709804	 0.874510	 1.000000
81	27	1	 2038	-3552	 3133	 2306	 0.000000	-0.837477	-0.877764	 0.001000	 1.000000	 0.054902	 0.709804	 0.874510	 1.000000
82	28	1	-2575	-3184	 2496	 2331	 0.000000	-0.937947	-0.883735	 0.001000	 1.000000	 0.054902	 0.709804	 0.874510	 1.000000
83	29	1	-1903	-3626	 2460	 2336	 0.000000	-0.943435	-0.884772	 0.001000	 1.000000	 0.054902	 0.709804	 0.874510	 1.000000
84	27	1	 2038	-3552	 3133	 2306	 0.000000	-0.837477	-0.877764	 0.001000	 1.000000	 0.054902	 0.709804	 0.874510	 1.000000
85	29	1	-1903	-3626	 2460	 2336	 0.000000	-0.943435	-0.884772	 0.001000	 1.000000	 0.054902	 0.709804	 0.874510	 1.000000
86	31	1	 956	-3982	 3195	 2355	 0.000000	-0.828010	-0.889117	 0.001000	 1.000000	 0.054902	 0.709804	 0.874510	 1.000000
87	31	1	 956	-3982	 3195	 2355	 0.000000	-0.828010	-0.889117	 0.001000	 1.000000	 0.054902	 0.709804	 0.874510	 1.000000
88	29	1	-1903	-3626	 2460	 2336	 0.000000	-0.943435	-0.884772	 0.001000	 1.000000	 0.054902	 0.709804	 0.874510	 1.000000
89	32	1	-3817	-1484	 2438	 2360	 0.000000	-0.947262	-0.891051	 0.001000	 1.000000	 0.054902	 0.709804	 0.874510	 1.000000
90	31	1	 956	-3982	 3195	 2355	 0.000000	-0.828010	-0.889117	 0.001000	 1.000000	 0.054902	 0.709804	 0.874510	 1.000000
91	32	1	-3817	-1484	 2438	 2360	 0.000000	-0.947262	-0.891051	 0.001000	 1.000000	 0.054902	 0.709804	 0.874510	 1.000000
92	34	1	-2896	-2896	 2438	 2387	 0.000000	-0.947075	-0.896948	 0.001000	 1.000000	 0.054902	 0.709804	 0.874510	 1.000000
93	30	1	 780	-4020	 3260	 2342	 0.000000	-0.817889	-0.886058	 0.001000	 1.000000	 0.054902	 0.709804	 0.874510	 1.000000
94	31	1	 956	-3982	 3195	 2355	 0.000000	-0.828010	-0.889117	 0.001000	 1.000000	 0.054902	 0.709804	 0.874510	 1.000000
95	35	1	 1482	-3818	 3359	 2407	 0.000000	-0.802278	-0.901354	 0.001000	 1.000000	 0.054902	 0.709804	 0.874510	 1.000000
96	31	1	 956	-3982	 3195	 2355	 0.000000	-0.828010	-0.889117	 0.001000	 1.000000	 0.054902	 0.709804	 0.874510	 1.000000
97	34	1	-2896	-2896	 2438	 2387	 0.000000	-0.947075	-0.896948	 0.001000	 1.000000	 0.054902	 0.709804	 0.874510	 1.000000
98	35	1	 1482	-3818	 3359	 2407	 0.000000	-0.802278	-0.901354	 0.001000	 1.000000	 0.054902	 0.709804	 0.874510	 1.000000
99	34	1	-2896	-2896	 2438	 2387	 0.000000	-0.947075	-0.896948	 0.001000	 1.000000	 0.054902	 0.709804	 0.874510	 1.000000
100	33	1	-1711	-3721	 2417	 2387	 0.000000	-0.950115	-0.896696	 0.001000	 1.000000	 0.054902	 0.709804	 0.874510	 1.000000
101	35	1	 1482	-3818	 3359	 2407	 0.000000	-0.802278	-0.901354	 0.001000	 1.000000	 0.054902	 0.709804	 0.874510	 1.000000
102	35	1	 1482	-3818	 3359	 2407	 0.000000	-0.802278	-0.901354	 0.001000	 1.000000	 0.054902	 0.709804	 0.874510	 1.000000
103	33	1	-1711	-3721	 2417	 2387	 0.000000	-0.950115	-0.896696	 0.001000	 1.000000	 0.054902	 0.709804	 0.874510	 1.000000
104	36	1	-2202	-3453	 2399	 2408	 0.000000	-0.953027	-0.901700	 0.001000	 1.000000	 0.054902	 0.709804	 0.874510	 1.000000
105	36	1	-2202	-3453	 2399	 2408	 0.000000	-0.953027	-0.901700	 0.001000	 1.000000	 0.054902	 0.709804	 0.874510	 1.000000
106	37	1	-1818	-3670	 2317	 2431	 0.000000	-0.965762	-0.907025	 0.001000	 1.000000	 0.054902	 0.709804	 0.874510	 1.000000
107	43	1	-1049	-3959	 2264	 2471	 0.000000	-0.973887	-0.916311	 0.001000	 1.000000	 0.054902	 0.709804	 0.874510	 1.000000
108	38	1	 2622	-3146	 3514	 2432	 0.000000	-0.777827	-0.907419	 0.001000	 1.000000	 0.054902	 0.709804	 0.874510	 1.000000
109	35	1	 1482	-3818	 3359	 2407	 0.000000	-0.802278	-0.901354	 0.001000	 1.000000	 0.054902	 0.709804	 0.874510	 1.000000
110	41	1	 2868	-2924	 3525	 2463	 0.000000	-0.776058	-0.914752	 0.001000	 1.000000	 0.054902	 0.709804	 0.874510	 1.000000
111	35	1	 1482	-3818	 3359	 2407	 0.000000	-0.802278	-0.901354	 0.001000	 1.000000	 0.054902	 0.709804	 0.874510	 1.000000
112	36	1	-2202	-3453	 2399	 2408	 0.000000	-0.953027	-0.901700	 0.001000	 1.000000	 0.054902	 0.709804	 0.874510	 1.000000
113	41	1	 2868	-2924	 3525	 2463	 0.000000	-0.776058	-0.914752	 0.001000	 1.000000	 0.054902	 0.709804	 0.874510	 1.000000
114	41	1	 2868	-2924	 3525	 2463	 0.000000	-0.776058	-0.914752	 0.001000	 1.000000	 0.054902	 0.709804	 0.874510	 1.000000
115	36	1	-2202	-3453	 2399	 2408	 0.000000	-0.953027	-0.901700	 0.001000	 1.000000	 0.054902	 0.709804	 0.874510	 1.000000
116	43	1	-1049	-3959	 2264	 2471	 0.000000	-0.973887	-0.916311	 0.001000	 1.000000	 0.054902	 0.709804	 0.874510	 1.000000
117	41	1	 2868	-2924	 3525	 2463	 0.000000	-0.776058	-0.914752	 0.001000	 1.000000	 0.054902	 0.709804	 0.874510	 1.000000
118	43	1	-1049	-3959	 2264	 2471	 0.000000	-0.973887	-0.916311	 0.001000	 1.000000	 0.054902	 0.709804	 0.874510	 1.000000
119	44	1	 2596	-3167	 3573	 2479	 0.000000	-0.768614	-0.918428	 0.001000	 1.000000	 0.054902	 0.709804	 0.874510	 1.000000
120	39	1	 994	-3973	 2203	 2444	 0.000000	-0.983002	-0.909979	 0.001000	 1.000000	 0.054902	 0.709804	 0.874510	 1.000000
121	40	1	-2249	-3422	 2100	 2461	 0.000000	-0.999756	-0.914131	 0.001000	 1.000000	 0.054902	 0.709804	 0.874510	 1.000000
122	42	1	 1561	-3786	 2233	 2467	 0.000000	-0.978199	-0.915427	 0.001000	 1.000000	 0.054902	 0.709804	 0.874510	 1.000000
123	42	1	 1561	-3786	 2233	 2467	 0.000000	-0.978199	-0.915427	 0.001000	 1.000000	 0.054902	 0.709804	 0.874510	 1.000000
124	40	1	-2249	-3422	 2100	 2461	 0.000000	-0.999756	-0.914131	 0.001000	 1.000000	 0.054902	 0.709804	 0.874510	 1.000000
125	43	1	-1049	-3959	 2264	 2471	 0.000000	-0.973887	-0.916311	 0.001000	 1.000000	 0.054902	 0.709804	 0.874510	 1.000000
126	43	1	-1049	-3959	 2264	 2471	 0.000000	-0.973887	-0.916311	 0.001000	 1.000000	 0.054902	 0.709804	 0.874510	 1.000000
127	40	1	-2249	-3422	 2100	 2461	 0.000000	-0.999756	-0.914131	 0.001000	 1.000000	 0.054902	 0.709804	 0.874510	 1.000000
128	46	1	 718	-4032	 2073	 2503	 0.000000	-1.003371	-0.923789	 0.001000	 1.000000	 0.054902	 0.709804	 0.874510	 1.000000
129	44	1	 2596	-3167	 3573	 2479	 0.000000	-0.768614	-0.918428	 0.001000	 1.000000	 0.054902	 0.709804	 0.874510	 1.000000
130	43	1	-1049	-3959	 2264	 2471	 0.000000	-0.973887	-0.916311	 0.001000	 1.000000	 0.054902	 0.709804	 0.874510	 1.000000
131	46	1	 718	-4032	 2073	 2503	 0.000000	-1.003371	-0.923789	 0.001000	 1.000000	 0.054902	 0.709804	 0.874510	 1.000000
132	44	1	 2596	-3167	 3573	 2479	 0.000000	-0.768614	-0.918428	 0.001000	 1.000000	 0.054902	 0.709804	 0.874510	 1.000000
133	46	1	 718	-4032	 2073	 2503	 0.000000	-1.003371	-0.923789	 0.001000	 1.000000	 0.054902	 0.709804	 0.874510	 1.000000
134	48	1	 1872	-3643	 3597	 2521	 0.000000	-0.765011	-0.928127	 0.001000	 1.000000	 0.054902	 0.709804	 0.874510	 1.000000
135	46	1	 718	-4032	 2073	 2503	 0.000000	-1.003371	-0.923789	 0.001000	 1.000000	 0.054902	 0.709804	 0.874510	 1.000000
136	45	1	 1295	-3885	 2071	 2494	 0.000000	-1.003566	-0.921725	 0.001000	 1.000000	 0.054902	 0.709804	 0.874510	 1.000000
137	49	1	-3109	-2666	 2022	 2536	 0.000000	-1.012118	-0.931940	 0.001000	 1.000000	 0.054902	 0.709804	 0.874510	 1.000000
138	48	1	 1872	-3643	 3597	 2521	 0.000000	-0.765011	-0.928127	 0.001000	 1.000000	 0.054902	 0.709804	 0.874510	 1.000000
139	46	1	 718	-4032	 2073	 2503	 0.000000	-1.003371	-0.923789	 0.001000	 1.000000	 0.054902	 0.709804	 0.874510	 1.000000
140	49	1	-3109	-2666	 2022	 2536	 0.000000	-1.012118	-0.931940	 0.001000	 1.000000	 0.054902	 0.709804	 0.874510	 1.000000
141	50	1	 1829	-3664	 3662	 2546	 0.000000	-0.754864	-0.933979	 0.001000	 1.000000	 0.054902	 0.709804	 0.874510	 1.000000
142	51	1	 1366	-3861	 3664	 2548	 0.000000	-0.754645	-0.934388	 0.001000	 1.000000	 0.054902	 0.709804	 0.874510	 1.000000
143	53	1	 4043	-656	 3666	 2549	 0.000000	-0.753788	-0.935601	 0.001000	 1.000000	 0.054902	 0.709804	 0.874510	 1.000000
144	50	1	 1829	-3664	 3662	 2546	 0.000000	-0.754864	-0.933979	 0.001000	 1.000000	 0.054902	 0.709804	 0.874510	 1.000000
145	53	1	 4043	-656	 3666	 2549	 0.000000	-0.753788	-0.935601	 0.001000	 1.000000	 0.054902	 0.709804	 0.874510	 1.000000
146	55	1	 1678	-3736	 3720	 2551	 0.000000	-0.745832	-0.935129	 0.001000	 1.000000	 0.054902	 0.709804	 0.874510	 1.000000
147	53	1	 4043	-656	 3666	 2549	 0.000000	-0.753788	-0.935601	 0.001000	 1.000000	 0.054902	 0.709804	 0.874510	 1.000000
148	54	1	 656	 4043	 3665	 2550	 0.000000	-0.754633	-0.937269	 0.001000	 1.000000	 0.054902	 0.709804	 0.874510	 1.000000
149	55	1	 1678	-3736	 3720	 2551	 0.000000	-0.745832	-0.935129	 0.001000	 1.000000	 0.054902	 0.709804	 0.874510	 1.000000
150	47	1	 1476	-3820	 3636	 2517	 0.000000	-0.758998	-0.927135	 0.001000	 1.000000	 0.054902	 0.709804	 0.874510	 1.000000
151	48	1	 1872	-3643	 3597	 2521	 0.000000	-0.765011	-0.928127	 0.001000	 1.000000	 0.054902	 0.709804	 0.874510	 1.000000
152	50	1	 1829	-3664	 3662	 2546	 0.000000	-0.754864	-0.933979	 0.001000	 1.000000	 0.054902	 0.709804	 0.874510	 1.000000
153	48	1	 1872	-3643	 3597	 2521	 0.000000	-0.765011	-0.928127	 0.001000	 1.000000	 0.054902	 0.709804	 0.874510	 1.000000
154	49	1	-3109	-2666	 2022	 2536	 0.000000	-1.012118	-0.931940	 0.001000	 1.000000	 0.054902	 0.709804	 0.874510	 1.000000
155	50	1	 1829	-3664	 3662	 2546	 0.000000	-0.754864	-0.933979	 0.001000	 1.000000	 0.054902	 0.709804	 0.874510	 1.000000
156	51	1	 1366	-3861	 3664	 2548	 0.000000	-0.754645	-0.934388	 0.001000	 1.000000	 0.054902	 0.709804	 0.874510	 1.000000
157	50	1	 1829	-3664	 3662	 2546	 0.000000	-0.754864	-0.933979	 0.001000	 1.000000	 0.054902	 0.709804	 0.874510	 1.000000
158	52	1	 4043	-656	 3663	 2549	 0.000000	-0.754257	-0.935601	 0.001000	 1.000000	 0.054902	 0.709804	 0.874510	 1.000000
159	50	1	 1829	-3664	 3662	 2546	 0.000000	-0.754864	-0.933979	 0.001000	 1.000000	 0.054902	 0.709804	 0.874510	 1.000000
160	49	1	-3109	-2666	 2022	 2536	 0.000000	-1.012118	-0.931940	 0.001000	 1.000000	 0.054902	 0.709804	 0.874510	 1.000000
161	52	1	 4043	-656	 3663	 2549	 0.000000	-0.754257	-0.935601	 0.001000	 1.000000	 0.054902	 0.709804	 0.874510	 1.000000
162	52	1	 4043	-656	 3663	 2549	 0.000000	-0.754257	-0.935601	 0.001000	 1.000000	 0.054902	 0.709804	 0.874510	 1.000000
163	49	1	-3109	-2666	 2022	 2536	 0.000000	-1.012118	-0.931940	 0.001000	 1.000000	 0.054902	 0.709804	 0.874510	 1.000000
164	54	1	 656	 4043	 3665	 2550	 0.000000	-0.754633	-0.937269	 0.001000	 1.000000	 0.054902	 0.709804	 0.874510	 1.000000
165	54	1	 656	 4043	 3665	 2550	 0.000000	-0.754633	-0.937269	 0.001000	 1.000000	 0.054902	 0.709804	 0.874510	 1.000000
166	49	1	-3109	-2666	 2022	 2536	 0.000000	-1.012118	-0.931940	 0.001000	 1.000000	 0.054902	 0.709804	 0.874510	 1.000000
167	57	1	-2874	-2918	 1986	 2594	 0.000000	-1.017695	-0.945457	 0.001000	 1.000000	 0.054902	 0.709804	 0.874510	 1.000000
168	55	1	 1678	-3736	 3720	 2551	 0.000000	-0.745832	-0.935129	 0.001000	 1.000000	 0.054902	 0.709804	 0.874510	 1.000000
169	54	1	 656	 4043	 3665	 2550	 0.000000	-0.754633	-0.937269	 0.001000	 1.000000	 0.054902	 0.709804	 0.874510	 1.000000
170	56	1	 3592	-1968	 3739	 2569	 0.000000	-0.742474	-0.939888	 0.001000	 1.000000	 0.054902	 0.709804	 0.874510	 1.000000
171	54	1	 656	 4043	 3665	 2550	 0.000000	-0.754633	-0.937269	 0.001000	 1.000000	 0.054902	 0.709804	 0.874510	 1.000000
172	58	1	 2779	-3008	 3744	 2595	 0.000000	-0.741858	-0.945664	 0.001000	 1.000000	 0.054902	 0.709804	 0.874510	 1.000000
173	56	1	 3592	-1968	 3739	 2569	 0.000000	-0.742474	-0.939888	 0.001000	 1.000000	 0.054902	 0.709804	 0.874510	 1.000000
174	54	1	 656	 4043	 3665	 2550	 0.000000	-0.754633	-0.937269	 0.001000	 1.000000	 0.054902	 0.709804	 0.874510	 1.000000
175	57	1	-2874	-2918	 1986	 2594	 0.000000	-1.017695	-0.945457	 0.001000	 1.000000	 0.054902	 0.709804	 0.874510	 1.000000
176	58	1	 2779	-3008	 3744	 2595	 0.000000	-0.741858	-0.945664	 0.001000	 1.000000	 0.054902	 0.709804	 0.874510	 1.000000
177	59	1	 2357	-3349	 3771	 2598	 0.000000	-0.737725	-0.946263	 0.001000	 1.000000	 0.054902	 0.709804	 0.874510	 1.000000
178	58	1	 2779	-3008	 3744	 2595	 0.000000	-0.741858	-0.945664	 0.001000	 1.000000	 0.054902	 0.709804	 0.874510	 1.000000
179	61	1	 3869	-1344	 3793	 2643	 0.000000	-0.733980	-0.957422	 0.001000	 1.000000	 0.054902	 0.709804	 0.874510	 1.000000
180	62	1	-2118	 3505	 3794	 2658	 0.000000	-0.735041	-0.962417	 0.001000	 1.000000	 0.054902	 0.709804	 0.874510	 1.000000
181	61	1	 3869	-1344	 3793	 2643	 0.000000	-0.733980	-0.957422	 0.001000	 1.000000	 0.054902	 0.709804	 0.874510	 1.000000
182	63	1	 3784	 1567	 3793	 2659	 0.000000	-0.733997	-0.962060	 0.001000	 1.000000	 0.054902	 0.709804	 0.874510	 1.000000
183	61	1	 3869	-1344	 3793	 2643	 0.000000	-0.733980	-0.957422	 0.001000	 1.000000	 0.054902	 0.709804	 0.874510	 1.000000
184	58	1	 2779	-3008	 3744	 2595	 0.000000	-0.741858	-0.945664	 0.001000	 1.000000	 0.054902	 0.709804	 0.874510	 1.000000
185	63	1	 3784	 1567	 3793	 2659	 0.000000	-0.733997	-0.962060	 0.001000	 1.000000	 0.054902	 0.709804	 0.874510	 1.000000
186	58	1	 2779	-3008	 3744	 2595	 0.000000	-0.741858	-0.945664	 0.001000	 1.000000	 0.054902	 0.709804	 0.874510	 1.000000
187	57	1	-2874	-2918	 1986	 2594	 0.000000	-1.017695	-0.945457	 0.001000	 1.000000	 0.054902	 0.709804	 0.874510	 1.000000
188	63	1	 3784	 1567	 3793	 2659	 0.000000	-0.733997	-0.962060	 0.001000	 1.000000	 0.054902	 0.709804	 0.874510	 1.000000
189	57	1	-2874	-2918	 1986	 2594	 0.000000	-1.017695	-0.945457	 0.001000	 1.000000	 0.054902	 0.709804	 0.874510	 1.000000
190	60	1	-3459	-2193	 1941	 2621	 0.000000	-1.024846	-0.952007	 0.001000	 1.000000	 0.054902	 0.709804	 0.874510	 1.000000
191	64	1	-3827	-1459	 1937	 2661	 0.000000	-1.025545	-0.961606	 0.001000	 1.000000	 0.054902	 0.709804	 0.874510	 1.000000
192	63	1	 3784	 1567	 3793	 2659	 0.000000	-0.733997	-0.962060	 0.001000	 1.000000	 0.054902	 0.709804	 0.874510	 1.000000
193	57	1	-2874	-2918	 1986	 2594	 0.000000	-1.017695	-0.945457	 0.001000	 1.000000	 0.054902	 0.709804	 0.874510	 1.000000
194	64	1	-3827	-1459	 1937	 2661	 0.000000	-1.025545	-0.961606	 0.001000	 1.000000	 0.054902	 0.709804	 0.874510	 1.000000
195	63	1	 3784	 1567	 3793	 2659	 0.000000	-0.733997	-0.962060	 0.001000	 1.000000	 0.054902	 0.709804	 0.874510	 1.000000
196	64	1	-3827	-1459	 1937	 2661	 0.000000	-1.025545	-0.961606	 0.001000	 1.000000	 0.054902	 0.709804	 0.874510	 1.000000
197	65	1	 3484	-2153	 3793	 2661	 0.000000	-0.734058	-0.961394	 0.001000	 1.000000	 0.054902	 0.709804	 0.874510	 1.000000
198	64	1	-3827	-1459	 1937	 2661	 0.000000	-1.025545	-0.961606	 0.001000	 1.000000	 0.054902	 0.709804	 0.874510	 1.000000
199	70	1	-3911	-1215	 1913	 2694	 0.000000	-1.029313	-0.969414	 0.001000	 1.000000	 0.054902	 0.709804	 0.874510	 1.000000
200	71	1	-85	-4095	 2945	 2695	 0.000000	-0.867284	-0.968770	 0.001000	 1.000000	 0.054902	 0.709804	 0.874510	 1.000000
201	66	1	 2562	 3195	 3795	 2662	 0.000000	-0.733933	-0.963260	 0.001000	 1.000000	 0.054902	 0.709804	 0.874510	 1.000000
202	65	1	 3484	-2153	 3793	 2661	 0.000000	-0.734058	-0.961394	 0.001000	 1.000000	 0.054902	 0.709804	 0.874510	 1.000000
203	67	1	 449	-4071	 3202	 2686	 0.000000	-0.827019	-0.966668	 0.001000	 1.000000	 0.054902	 0.709804	 0.874510	 1.000000
204	65	1	 3484	-2153	 3793	 2661	 0.000000	-0.734058	-0.961394	 0.001000	 1.000000	 0.054902	 0.709804	 0.874510	 1.000000
205	68	1	-657	-4042	 3072	 2687	 0.000000	-0.847557	-0.966911	 0.001000	 1.000000	 0.054902	 0.709804	 0.874510	 1.000000
206	67	1	 449	-4071	 3202	 2686	 0.000000	-0.827019	-0.966668	 0.001000	 1.000000	 0.054902	 0.709804	 0.874510	 1.000000
207	65	1	 3484	-2153	 3793	 2661	 0.000000	-0.734058	-0.961394	 0.001000	 1.000000	 0.054902	 0.709804	 0.874510	 1.000000
208	64	1	-3827	-1459	 1937	 2661	 0.000000	-1.025545	-0.961606	 0.001000	 1.000000	 0.054902	 0.709804	 0.874510	 1.000000
209	68	1	-657	-4042	 3072	 2687	 0.000000	-0.847557	-0.966911	 0.001000	 1.000000	 0.054902	 0.709804	 0.874510	 1.000000
210	68	1	-657	-4042	 3072	 2687	 0.000000	-0.847557	-0.966911	 0.001000	 1.000000	 0.054902	 0.709804	 0.874510	 1.000000
211	64	1	-3827	-1459	 1937	 2661	 0.000000	-1.025545	-0.961606	 0.001000	 1.000000	 0.054902	 0.709804	 0.874510	 1.000000
212	71	1	-85	-4095	 2945	 2695	 0.000000	-0.867284	-0.968770	 0.001000	 1.000000	 0.054902	 0.709804	 0.874510	 1.000000
213	68	1	-657	-4042	 3072	 2687	 0.000000	-0.847557	-0.966911	 0.001000	 1.000000	 0.054902	 0.709804	 0.874510	 1.000000
214	71	1	-85	-4095	 2945	 2695	 0.000000	-0.867284	-0.968770	 0.001000	 1.000000	 0.054902	 0.709804	 0.874510	 1.000000
215	73	1	-497	-4065	 3029	 2701	 0.000000	-0.854243	-0.970185	 0.001000	 1.000000	 0.054902	 0.709804	 0.874510	 1.000000
216	77	1	 1824	 3667	 3674	 2721	 0.000000	-0.752990	-0.977232	 0.001000	 1.000000	 0.054902	 0.709804	 0.874510	 1.000000
217	76	1	 602	 4051	 3672	 2721	 0.000000	-0.753551	-0.977350	 0.001000	 1.000000	 0.054902	 0.709804	 0.874510	 1.000000
218	80	1	 1433	 3836	 3679	 2737	 0.000000	-0.752288	-0.981034	 0.001000	 1.000000	 0.054902	 0.709804	 0.874510	 1.000000
219	71	1	-85	-4095	 2945	 2695	 0.000000	-0.867284	-0.968770	 0.001000	 1.000000	 0.054902	 0.709804	 0.874510	 1.000000
220	72	1	-207	-4090	 2587	 2699	 0.000000	-0.923247	-0.969709	 0.001000	 1.000000	 0.054902	 0.709804	 0.874510	 1.000000
221	75	1	-736	-4029	 2804	 2711	 0.000000	-0.889448	-0.972540	 0.001000	 1.000000	 0.054902	 0.709804	 0.874510	 1.000000
222	75	1	-736	-4029	 2804	 2711	 0.000000	-0.889448	-0.972540	 0.001000	 1.000000	 0.054902	 0.709804	 0.874510	 1.000000
223	72	1	-207	-4090	 2587	 2699	 0.000000	-0.923247	-0.969709	 0.001000	 1.000000	 0.054902	 0.709804	 0.874510	 1.000000
224	84	1	 360	-4080	 2682	 2742	 0.000000	-0.908287	-0.979790	 0.001000	 1.000000	 0.054902	 0.709804	 0.874510	 1.000000
225	79	1	-146	 4093	 3729	 2734	 0.000000	-0.744797	-0.980409	 0.001000	 1.000000	 0.054902	 0.709804	 0.874510	 1.000000
226	77	1	 1824	 3667	 3674	 2721	 0.000000	-0.752990	-0.977232	 0.001000	 1.000000	 0.054902	 0.709804	 0.874510	 1.000000
227	85	1	-1506	 3808	 3689	 2742	 0.000000	-0.751323	-0.982197	 0.001000	 1.000000	 0.054902	 0.709804	 0.874510	 1.000000
228	82	1	 500	 4065	 3762	 2741	 0.000000	-0.739509	-0.982041	 0.001000	 1.000000	 0.054902	 0.709804	 0.874510	 1.000000
229	79	1	-146	 4093	 3729	 2734	 0.000000	-0.744797	-0.980409	 0.001000	 1.000000	 0.054902	 0.709804	 0.874510	 1.000000
230	86	1	 970	 3979	 3758	 2742	 0.000000	-0.740038	-0.982249	 0.001000	 1.000000	 0.054902	 0.709804	 0.874510	 1.000000
231	88	1	 1295	 3885	 3765	 2743	 0.000000	-0.738878	-0.982455	 0.001000	 1.000000	 0.054902	 0.709804	 0.874510	 1.000000
232	86	1	 970	 3979	 3758	 2742	 0.000000	-0.740038	-0.982249	 0.001000	 1.000000	 0.054902	 0.709804	 0.874510	 1.000000
233	90	1	 1265	 3895	 3766	 2745	 0.000000	-0.738728	-0.982927	 0.001000	 1.000000	 0.054902	 0.709804	 0.874510	 1.000000
234	61	1	 3869	-1344	 3793	 2643	 0.000000	-0.733980	-0.957422	 0.001000	 1.000000	 0.054902	 0.709804	 0.874510	 1.000000
235	62	1	-2118	 3505	 3794	 2658	 0.000000	-0.735041	-0.962417	 0.001000	 1.000000	 0.054902	 0.709804	 0.874510	 1.000000
236	66	1	 2562	 3195	 3795	 2662	 0.000000	-0.733933	-0.963260	 0.001000	 1.000000	 0.054902	 0.709804	 0.874510	 1.000000
237	61	1	 3869	-1344	 3793	 2643	 0.000000	-0.733980	-0.957422	 0.001000	 1.000000	 0.054902	 0.709804	 0.874510	 1.000000
238	66	1	 2562	 3195	 3795	 2662	 0.000000	-0.733933	-0.963260	 0.001000	 1.000000	 0.054902	 0.709804	 0.874510	 1.000000
239	69	1	 4026	 753	 3803	 2689	 0.000000	-0.732385	-0.968843	 0.001000	 1.000000	 0.054902	 0.709804	 0.874510	 1.000000
240	66	1	 2562	 3195	 3795	 2662	 0.000000	-0.733933	-0.963260	 0.001000	 1.000000	 0.054902	 0.709804	 0.874510	 1.000000
241	67	1	 449	-4071	 3202	 2686	 0.000000	-0.827019	-0.966668	 0.001000	 1.000000	 0.054902	 0.709804	 0.874510	 1.000000
242	69	1	 4026	 753	 3803	 2689	 0.000000	-0.732385	-0.968843	 0.001000	 1.000000	 0.054902	 0.709804	 0.874510	 1.000000
243	69	1	 4026	 753	 3803	 2689	 0.000000	-0.732385	-0.968843	 0.001000	 1.000000	 0.054902	 0.709804	 0.874510	 1.000000
244	67	1	 449	-4071	 3202	 2686	 0.000000	-0.827019	-0.966668	 0.001000	 1.000000	 0.054902	 0.709804	 0.874510	 1.000000
245	74	1	 1264	-3896	 3297	 2708	 0.000000	-0.812010	-0.971877	 0.001000	 1.000000	 0.054902	 0.709804	 0.874510	 1.000000
246	74	1	 1264	-3896	 3297	 2708	 0.000000	-0.812010	-0.971877	 0.001000	 1.000000	 0.054902	 0.709804	 0.874510	 1.000000
247	76	1	 602	 4051	 3672	 2721	 0.000000	-0.753551	-0.977350	 0.001000	 1.000000	 0.054902	 0.709804	 0.874510	 1.000000
248	77	1	 1824	 3667	 3674	 2721	 0.000000	-0.752990	-0.977232	 0.001000	 1.000000	 0.054902	 0.709804	 0.874510	 1.000000
249	69	1	 4026	 753	 3803	 2689	 0.000000	-0.732385	-0.968843	 0.001000	 1.000000	 0.054902	 0.709804	 0.874510	 1.000000
250	74	1	 1264	-3896	 3297	 2708	 0.000000	-0.812010	-0.971877	 0.001000	 1.000000	 0.054902	 0.709804	 0.874510	 1.000000
251	77	1	 1824	 3667	 3674	 2721	 0.000000	-0.752990	-0.977232	 0.001000	 1.000000	 0.054902	 0.709804	 0.874510	 1.000000
252	77	1	 1824	 3667	 3674	 2721	 0.000000	-0.752990	-0.977232	 0.001000	 1.000000	 0.054902	 0.709804	 0.874510	 1.000000
253	79	1	-146	 4093	 3729	 2734	 0.000000	-0.744797	-0.980409	 0.001000	 1.000000	 0.054902	 0.709804	 0.874510	 1.000000
254	82	1	 500	 4065	 3762	 2741	 0.000000	-0.739509	-0.982041	 0.001000	 1.000000	 0.054902	 0.709804	 0.874510	 1.000000
255	77	1	 1824	 3667	 3674	 2721	 0.000000	-0.752990	-0.977232	 0.001000	 1.000000	 0.054902	 0.709804	 0.874510	 1.000000
256	82	1	 500	 4065	 3762	 2741	 0.000000	-0.739509	-0.982041	 0.001000	 1.000000	 0.054902	 0.709804	 0.874510	 1.000000
257	83	1	-3784	 1567	 3767	 2741	 0.000000	-0.739599	-0.981279	 0.001000	 1.000000	 0.054902	 0.709804	 0.874510	 1.000000
258	69	1	 4026	 753	 3803	 2689	 0.000000	-0.732385	-0.968843	 0.001000	 1.000000	 0.054902	 0.709804	 0.874510	 1.000000
259	77	1	 1824	 3667	 3674	 2721	 0.000000	-0.752990	-0.977232	 0.001000	 1.000000	 0.054902	 0.709804	 0.874510	 1.000000
260	83	1	-3784	 1567	 3767	 2741	 0.000000	-0.739599	-0.981279	 0.001000	 1.000000	 0.054902	 0.709804	 0.874510	 1.000000
261	69	1	 4026	 753	 3803	 2689	 0.000000	-0.732385	-0.968843	 0.001000	 1.000000	 0.054902	 0.709804	 0.874510	 1.000000
262	83	1	-3784	 1567	 3767	 2741	 0.000000	-0.739599	-0.981279	 0.001000	 1.000000	 0.054902	 0.709804	 0.874510	 1.000000
263	90	1	 1265	 3895	 3766	 2745	 0.000000	-0.738728	-0.982927	 0.001000	 1.000000	 0.054902	 0.709804	 0.874510	 1.000000
264	83	1	-3784	 1567	 3767	 2741	 0.000000	-0.739599	-0.981279	 0.001000	 1.000000	 0.054902	 0.709804	 0.874510	 1.000000
265	88	1	 1295	 3885	 3765	 2743	 0.000000	-0.738878	-0.982455	 0.001000	 1.000000	 0.054902	 0.709804	 0.874510	 1.000000
266	90	1	 1265	 3895	 3766	 2745	 0.000000	-0.738728	-0.982927	 0.001000	 1.000000	 0.054902	 0.709804	 0.874510	 1.000000
267	76	1	 602	 4051	 3672	 2721	 0.000000	-0.753551	-0.977350	 0.001000	 1.000000	 0.054902	 0.709804	 0.874510	 1.000000
268	74	1	 1264	-3896	 3297	 2708	 0.000000	-0.812010	-0.971877	 0.001000	 1.000000	 0.054902	 0.709804	 0.874510	 1.000000
269	81	1	 3052	 2731	 3670	 2738	 0.000000	-0.753365	-0.980931	 0.001000	 1.000000	 0.054902	 0.709804	 0.874510	 1.000000
270	81	1	 3052	 2731	 3670	 2738	 0.000000	-0.753365	-0.980931	 0.001000	 1.000000	 0.054902	 0.709804	 0.874510	 1.000000
271	74	1	 1264	-3896	 3297	 2708	 0.000000	-0.812010	-0.971877	 0.001000	 1.000000	 0.054902	 0.709804	 0.874510	 1.000000
272	87	1	 2876	 2916	 3590	 2743	 0.000000	-0.765900	-0.982159	 0.001000	 1.000000	 0.054902	 0.709804	 0.874510	 1.000000
273	87	1	 2876	 2916	 3590	 2743	 0.000000	-0.765900	-0.982159	 0.001000	 1.000000	 0.054902	 0.709804	 0.874510	 1.000000
274	74	1	 1264	-3896	 3297	 2708	 0.000000	-0.812010	-0.971877	 0.001000	 1.000000	 0.054902	 0.709804	 0.874510	 1.000000
275	89	1	 720	-4032	 3437	 2744	 0.000000	-0.790245	-0.980273	 0.001000	 1.000000	 0.054902	 0.709804	 0.874510	 1.000000
276	89	1	 720	-4032	 3437	 2744	 0.000000	-0.790245	-0.980273	 0.001000	 1.000000	 0.054902	 0.709804	 0.874510	 1.000000
277	74	1	 1264	-3896	 3297	 2708	 0.000000	-0.812010	-0.971877	 0.001000	 1.000000	 0.054902	 0.709804	 0.874510	 1.000000
278	92	1	 579	-4054	 3394	 2749	 0.000000	-0.796993	-0.981439	 0.001000	 1.000000	 0.054902	 0.709804	 0.874510	 1.000000
279	81	1	 3052	 2731	 3670	 2738	 0.000000	-0.753365	-0.980931	 0.001000	 1.000000	 0.054902	 0.709804	 0.874510	 1.000000
280	87	1	 2876	 2916	 3590	 2743	 0.000000	-0.765900	-0.982159	 0.001000	 1.000000	 0.054902	 0.709804	 0.874510	 1.000000
281	94	1	-191	 4091	 3614	 2751	 0.000000	-0.762774	-0.984393	 0.001000	 1.000000	 0.054902	 0.709804	 0.874510	 1.000000
282	95	1	-1330	-3873	 1891	 2762	 0.000000	-1.032225	-0.984541	 0.001000	 1.000000	 0.054902	 0.709804	 0.874510	 1.000000
283	93	1	-829	-4011	 1845	 2750	 0.000000	-1.039311	-0.981686	 0.001000	 1.000000	 0.054902	 0.709804	 0.874510	 1.000000
284	99	1	-3576	-1996	 1813	 2775	 0.000000	-1.044869	-0.988160	 0.001000	 1.000000	 0.054902	 0.709804	 0.874510	 1.000000
285	87	1	 2876	 2916	 3590	 2743	 0.000000	-0.765900	-0.982159	 0.001000	 1.000000	 0.054902	 0.709804	 0.874510	 1.000000
286	89	1	 720	-4032	 3437	 2744	 0.000000	-0.790245	-0.980273	 0.001000	 1.000000	 0.054902	 0.709804	 0.874510	 1.000000
287	96	1	 4047	 625	 3597	 2765	 0.000000	-0.764569	-0.986616	 0.001000	 1.000000	 0.054902	 0.709804	 0.874510	 1.000000
288	96	1	 4047	 625	 3597	 2765	 0.000000	-0.764569	-0.986616	 0.001000	 1.000000	 0.054902	 0.709804	 0.874510	 1.000000
289	89	1	 720	-4032	 3437	 2744	 0.000000	-0.790245	-0.980273	 0.001000	 1.000000	 0.054902	 0.709804	 0.874510	 1.000000
290	97	1	-173	-4092	 3555	 2768	 0.000000	-0.771990	-0.985880	 0.001000	 1.000000	 0.054902	 0.709804	 0.874510	 1.000000
291	97	1	-173	-4092	 3555	 2768	 0.000000	-0.771990	-0.985880	 0.001000	 1.000000	 0.054902	 0.709804	 0.874510	 1.000000
292	89	1	 720	-4032	 3437	 2744	 0.000000	-0.790245	-0.980273	 0.001000	 1.000000	 0.054902	 0.709804	 0.874510	 1.000000
293	100	1	 448	-4071	 3508	 2780	 0.000000	-0.779207	-0.988699	 0.001000	 1.000000	 0.054902	 0.709804	 0.874510	 1.000000
294	96	1	 4047	 625	 3597	 2765	 0.000000	-0.764569	-0.986616	 0.001000	 1.000000	 0.054902	 0.709804	 0.874510	 1.000000
295	97	1	-173	-4092	 3555	 2768	 0.000000	-0.771990	-0.985880	 0.001000	 1.000000	 0.054902	 0.709804	 0.874510	 1.000000
296	98	1	 3125	-2647	 3585	 2773	 0.000000	-0.766631	-0.987493	 0.001000	 1.000000	 0.054902	 0.709804	 0.874510	 1.000000
297	96	1	 4047	 625	 3597	 2765	 0.000000	-0.764569	-0.986616	 0.001000	 1.000000	 0.054902	 0.709804	 0.874510	 1.000000
298	98	1	 3125	-2647	 3585	 2773	 0.000000	-0.766631	-0.987493	 0.001000	 1.000000	 0.054902	 0.709804	 0.874510	 1.000000
299	101	1	 1239	-3904	 3585	 2782	 0.000000	-0.767015	-0.989219	 0.001000	 1.000000	 0.054902	 0.709804	 0.874510	 1.000000
300	103	1	-3945	-1098	 2498	 2794	 0.000000	-0.937913	-0.992888	 0.001000	 1.000000	 0.054902	 0.709804	 0.874510	 1.000000
301	104	1	 2105	 3513	 2490	 2808	 0.000000	-0.937932	-0.997576	 0.001000	 1.000000	 0.054902	 0.709804	 0.874510	 1.000000
302	107	1	-2842	-2948	 2482	 2825	 0.000000	-0.940189	-0.999589	 0.001000	 1.000000	 0.054902	 0.709804	 0.874510	 1.000000
303	104	1	 2105	 3513	 2490	 2808	 0.000000	-0.937932	-0.997576	 0.001000	 1.000000	 0.054902	 0.709804	 0.874510	 1.000000
304	105	1	 2683	 3094	 2481	 2821	 0.000000	-0.939221	-1.000495	 0.001000	 1.000000	 0.054902	 0.709804	 0.874510	 1.000000
305	107	1	-2842	-2948	 2482	 2825	 0.000000	-0.940189	-0.999589	 0.001000	 1.000000	 0.054902	 0.709804	 0.874510	 1.000000
306	105	1	 2683	 3094	 2481	 2821	 0.000000	-0.939221	-1.000495	 0.001000	 1.000000	 0.054902	 0.709804	 0.874510	 1.000000
307	106	1	 3173	-2589	 2479	 2822	 0.000000	-0.939434	-0.998995	 0.001000	 1.000000	 0.054902	 0.709804	 0.874510	 1.000000
308	107	1	-2842	-2948	 2482	 2825	 0.000000	-0.940189	-0.999589	 0.001000	 1.000000	 0.054902	 0.709804	 0.874510	 1.000000
309	107	1	-2842	-2948	 2482	 2825	 0.000000	-0.940189	-0.999589	 0.001000	 1.000000	 0.054902	 0.709804	 0.874510	 1.000000
310	108	1	-3495	-2135	 2035	 2840	 0.000000	-1.010165	-1.003352	 0.001000	 1.000000	 0.054902	 0.709804	 0.874510	 1.000000
311	110	1	 1332	-3873	 2096	 2847	 0.000000	-0.999652	-1.004463	 0.001000	 1.000000	 0.054902	 0.709804	 0.874510	 1.000000
312	107	1	-2842	-2948	 2482	 2825	 0.000000	-0.940189	-0.999589	 0.001000	 1.000000	 0.054902	 0.709804	 0.874510	 1.000000
313	110	1	 1332	-3873	 2096	 2847	 0.000000	-0.999652	-1.004463	 0.001000	 1.000000	 0.054902	 0.709804	 0.874510	 1.000000
314	112	1	 3615	-1925	 2114	 2858	 0.000000	-0.996375	-1.007635	 0.001000	 1.000000	 0.054902	 0.709804	 0.874510	 1.000000
315	107	1	-2842	-2948	 2482	 2825	 0.000000	-0.940189	-0.999589	 0.001000	 1.000000	 0.054902	 0.709804	 0.874510	 1.000000
316	112	1	 3615	-1925	 2114	 2858	 0.000000	-0.996375	-1.007635	 0.001000	 1.000000	 0.054902	 0.709804	 0.874510	 1.000000
317	114	1	 3999	-884	 2113	 2881	 0.000000	-0.996453	-1.013343	 0.001000	 1.000000	 0.054902	 0.709804	 0.874510	 1.000000
318	107	1	-2842	-2948	 2482	 2825	 0.000000	-0.940189	-0.999589	 0.001000	 1.000000	 0.054902	 0.709804	 0.874510	 1.000000
319	114	1	 3999	-884	 2113	 2881	 0.000000	-0.996453	-1.013343	 0.001000	 1.000000	 0.054902	 0.709804	 0.874510	 1.000000
320	115	1	-1791	-3683	 2295	 2889	 0.000000	-0.969194	-1.014364	 0.001000	 1.000000	 0.054902	 0.709804	 0.874510	 1.000000
321	107	1	-2842	-2948	 2482	 2825	 0.000000	-0.940189	-0.999589	 0.001000	 1.000000	 0.054902	 0.709804	 0.874510	 1.000000
322	115	1	-1791	-3683	 2295	 2889	 0.000000	-0.969194	-1.014364	 0.001000	 1.000000	 0.054902	 0.709804	 0.874510	 1.000000
323	116	1	-893	-3997	 2346	 2889	 0.000000	-0.961042	-1.014269	 0.001000	 1.000000	 0.054902	 0.709804	 0.874510	 1.000000
324	115	1	-1791	-3683	 2295	 2889	 0.000000	-0.969194	-1.014364	 0.001000	 1.000000	 0.054902	 0.709804	 0.874510	 1.000000
325	114	1	 3999	-884	 2113	 2881	 0.000000	-0.996453	-1.013343	 0.001000	 1.000000	 0.054902	 0.709804	 0.874510	 1.000000
326	119	1	 3023	-2763	 2140	 2933	 0.000000	-0.992433	-1.024958	 0.001000	 1.000000	 0.054902	 0.709804	 0.874510	 1.000000
327	115	1	-1791	-3683	 2295	 2889	 0.000000	-0.969194	-1.014364	 0.001000	 1.000000	 0.054902	 0.709804	 0.874510	 1.000000
328	119	1	 3023	-2763	 2140	 2933	 0.000000	-0.992433	-1.024958	 0.001000	 1.000000	 0.054902	 0.709804	 0.874510	 1.000000
329	124	1	 1699	-3726	 2176	 2956	 0.000000	-0.987077	-1.030054	 0.001000	 1.000000	 0.054902	 0.709804	 0.874510	 1.000000
330	115	1	-1791	-3683	 2295	 2889	 0.000000	-0.969194	-1.014364	 0.001000	 1.000000	 0.054902	 0.709804	 0.874510	 1.000000
331	124	1	 1699	-3726	 2176	 2956	 0.000000	-0.987077	-1.030054	 0.001000	 1.000000	 0.054902	 0.709804	 0.874510	 1.000000
332	125	1	-1931	-3611	 2233	 2968	 0.000000	-0.978910	-1.032902	 0.001000	 1.000000	 0.054902	 0.709804	 0.874510	 1.000000
333	125	1	-1931	-3611	 2233	 2968	 0.000000	-0.978910	-1.032902	 0.001000	 1.000000	 0.054902	 0.709804	 0.874510	 1.000000
334	124	1	 1699	-3726	 2176	 2956	 0.000000	-0.987077	-1.030054	 0.001000	 1.000000	 0.054902	 0.709804	 0.874510	 1.000000
335	126	1	 430	-4073	 2220	 2969	 0.000000	-0.980461	-1.032995	 0.001000	 1.000000	 0.054902	 0.709804	 0.874510	 1.000000
336	133	1	-3883	-1303	 1793	 3125	 0.000000	-1.048057	-1.070403	 0.001000	 1.000000	 0.054902	 0.709804	 0.874510	 1.000000
337	134	1	 3307	 2416	 1795	 3144	 0.000000	-1.046282	-1.075991	 0.001000	 1.000000	 0.054902	 0.709804	 0.874510	 1.000000
338	137	1	-4064	-508	 1799	 3149	 0.000000	-1.047156	-1.076271	 0.001000	 1.000000	 0.054902	 0.709804	 0.874510	 1.000000
339	134	1	 3307	 2416	 1795	 3144	 0.000000	-1.046282	-1.075991	 0.001000	 1.000000	 0.054902	 0.709804	 0.874510	 1.000000
340	136	1	 941	 3986	 1795	 3148	 0.000000	-1.046763	-1.077408	 0.001000	 1.000000	 0.054902	 0.709804	 0.874510	 1.000000
341	137	1	-4064	-508	 1799	 3149	 0.000000	-1.047156	-1.076271	 0.001000	 1.000000	 0.054902	 0.709804	 0.874510	 1.000000
342	71	1	-85	-4095	 2945	 2695	 0.000000	-0.867284	-0.968770	 0.001000	 1.000000	 0.054902	 0.709804	 0.874510	 1.000000
343	70	1	-3911	-1215	 1913	 2694	 0.000000	-1.029313	-0.969414	 0.001000	 1.000000	 0.054902	 0.709804	 0.874510	 1.000000
344	72	1	-207	-4090	 2587	 2699	 0.000000	-0.923247	-0.969709	 0.001000	 1.000000	 0.054902	 0.709804	 0.874510	 1.000000
345	72	1	-207	-4090	 2587	 2699	 0.000000	-0.923247	-0.969709	 0.001000	 1.000000	 0.054902	 0.709804	 0.874510	 1.000000
346	70	1	-3911	-1215	 1913	 2694	 0.000000	-1.029313	-0.969414	 0.001000	 1.000000	 0.054902	 0.709804	 0.874510	 1.000000
347	78	1	-3895	-1264	 1914	 2732	 0.000000	-1.029153	-0.978306	 0.001000	 1.000000	 0.054902	 0.709804	 0.874510	 1.000000
348	72	1	-207	-4090	 2587	 2699	 0.000000	-0.923247	-0.969709	 0.001000	 1.000000	 0.054902	 0.709804	 0.874510	 1.000000
349	78	1	-3895	-1264	 1914	 2732	 0.000000	-1.029153	-0.978306	 0.001000	 1.000000	 0.054902	 0.709804	 0.874510	 1.000000
350	91	1	-3480	-2159	 2501	 2749	 0.000000	-0.937350	-0.982017	 0.001000	 1.000000	 0.054902	 0.709804	 0.874510	 1.000000
351	91	1	-3480	-2159	 2501	 2749	 0.000000	-0.937350	-0.982017	 0.001000	 1.000000	 0.054902	 0.709804	 0.874510	 1.000000
352	78	1	-3895	-1264	 1914	 2732	 0.000000	-1.029153	-0.978306	 0.001000	 1.000000	 0.054902	 0.709804	 0.874510	 1.000000
353	95	1	-1330	-3873	 1891	 2762	 0.000000	-1.032225	-0.984541	 0.001000	 1.000000	 0.054902	 0.709804	 0.874510	 1.000000
354	95	1	-1330	-3873	 1891	 2762	 0.000000	-1.032225	-0.984541	 0.001000	 1.000000	 0.054902	 0.709804	 0.874510	 1.000000
355	99	1	-3576	-1996	 1813	 2775	 0.000000	-1.044869	-0.988160	 0.001000	 1.000000	 0.054902	 0.709804	 0.874510	 1.000000
356	102	1	-3750	-1646	 1811	 2793	 0.000000	-1.045217	-0.992486	 0.001000	 1.000000	 0.054902	 0.709804	 0.874510	 1.000000
357	91	1	-3480	-2159	 2501	 2749	 0.000000	-0.937350	-0.982017	 0.001000	 1.000000	 0.054902	 0.709804	 0.874510	 1.000000
358	95	1	-1330	-3873	 1891	 2762	 0.000000	-1.032225	-0.984541	 0.001000	 1.000000	 0.054902	 0.709804	 0.874510	 1.000000
359	102	1	-3750	-1646	 1811	 2793	 0.000000	-1.045217	-0.992486	 0.001000	 1.000000	 0.054902	 0.709804	 0.874510	 1.000000
360	103	1	-3945	-1098	 2498	 2794	 0.000000	-0.937913	-0.992888	 0.001000	 1.000000	 0.054902	 0.709804	 0.874510	 1.000000
361	91	1	-3480	-2159	 2501	 2749	 0.000000	-0.937350	-0.982017	 0.001000	 1.000000	 0.054902	 0.709804	 0.874510	 1.000000
362	104	1	 2105	 3513	 2490	 2808	 0.000000	-0.937932	-0.997576	 0.001000	 1.000000	 0.054902	 0.709804	 0.874510	 1.000000
363	91	1	-3480	-2159	 2501	 2749	 0.000000	-0.937350	-0.982017	 0.001000	 1.000000	 0.054902	 0.709804	 0.874510	 1.000000
364	106	1	 3173	-2589	 2479	 2822	 0.000000	-0.939434	-0.998995	 0.001000	 1.000000	 0.054902	 0.709804	 0.874510	 1.000000
365	104	1	 2105	 3513	 2490	 2808	 0.000000	-0.937932	-0.997576	 0.001000	 1.000000	 0.054902	 0.709804	 0.874510	 1.000000
366	91	1	-3480	-2159	 2501	 2749	 0.000000	-0.937350	-0.982017	 0.001000	 1.000000	 0.054902	 0.709804	 0.874510	 1.000000
367	102	1	-3750	-1646	 1811	 2793	 0.000000	-1.045217	-0.992486	 0.001000	 1.000000	 0.054902	 0.709804	 0.874510	 1.000000
368	106	1	 3173	-2589	 2479	 2822	 0.000000	-0.939434	-0.998995	 0.001000	 1.000000	 0.054902	 0.709804	 0.874510	 1.000000
369	107	1	-2842	-2948	 2482	 2825	 0.000000	-0.940189	-0.999589	 0.001000	 1.000000	 0.054902	 0.709804	 0.874510	 1.000000
370	106	1	 3173	-2589	 2479	 2822	 0.000000	-0.939434	-0.998995	 0.001000	 1.000000	 0.054902	 0.709804	 0.874510	 1.000000
371	108	1	-3495	-2135	 2035	 2840	 0.000000	-1.010165	-1.003352	 0.001000	 1.000000	 0.054902	 0.709804	 0.874510	 1.000000
372	106	1	 3173	-2589	 2479	 2822	 0.000000	-0.939434	-0.998995	 0.001000	 1.000000	 0.054902	 0.709804	 0.874510	 1.000000
373	102	1	-3750	-1646	 1811	 2793	 0.000000	-1.045217	-0.992486	 0.001000	 1.000000	 0.054902	 0.709804	 0.874510	 1.000000
374	108	1	-3495	-2135	 2035	 2840	 0.000000	-1.010165	-1.003352	 0.001000	 1.000000	 0.054902	 0.709804	 0.874510	 1.000000
375	109	1	-4062	-523	 2037	 2843	 0.000000	-1.009968	-1.004547	 0.001000	 1.000000	 0.054902	 0.709804	 0.874510	 1.000000
376	108	1	-3495	-2135	 2035	 2840	 0.000000	-1.010165	-1.003352	 0.001000	 1.000000	 0.054902	 0.709804	 0.874510	 1.000000
377	111	1	-1874	-3641	 2028	 2851	 0.000000	-1.010929	-1.005471	 0.001000	 1.000000	 0.054902	 0.709804	 0.874510	 1.000000
378	108	1	-3495	-2135	 2035	 2840	 0.000000	-1.010165	-1.003352	 0.001000	 1.000000	 0.054902	 0.709804	 0.874510	 1.000000
379	113	1	-1916	-3620	 1971	 2864	 0.000000	-1.019844	-1.008524	 0.001000	 1.000000	 0.054902	 0.709804	 0.874510	 1.000000
380	111	1	-1874	-3641	 2028	 2851	 0.000000	-1.010929	-1.005471	 0.001000	 1.000000	 0.054902	 0.709804	 0.874510	 1.000000
381	108	1	-3495	-2135	 2035	 2840	 0.000000	-1.010165	-1.003352	 0.001000	 1.000000	 0.054902	 0.709804	 0.874510	 1.000000
382	102	1	-3750	-1646	 1811	 2793	 0.000000	-1.045217	-0.992486	 0.001000	 1.000000	 0.054902	 0.709804	 0.874510	 1.000000
383	113	1	-1916	-3620	 1971	 2864	 0.000000	-1.019844	-1.008524	 0.001000	 1.000000	 0.054902	 0.709804	 0.874510	 1.000000
384	113	1	-1916	-3620	 1971	 2864	 0.000000	-1.019844	-1.008524	 0.001000	 1.000000	 0.054902	 0.709804	 0.874510	 1.000000
385	102	1	-3750	-1646	 1811	 2793	 0.000000	-1.045217	-0.992486	 0.001000	 1.000000	 0.054902	 0.709804	 0.874510	 1.000000
386	118	1	-3486	-2149	 1899	 2931	 0.000000	-1.031414	-1.024676	 0.001000	 1.000000	 0.054902	 0.709804	 0.874510	 1.000000
387	102	1	-3750	-1646	 1811	 2793	 0.000000	-1.045217	-0.992486	 0.001000	 1.000000	 0.054902	 0.709804	 0.874510	 1.000000
388	117	1	-3335	-2376	 1723	 2894	 0.000000	-1.058883	-1.015935	 0.001000	 1.000000	 0.054902	 0.709804	 0.874510	 1.000000
389	120	1	-4009	-835	 1696	 2941	 0.000000	-1.063239	-1.027421	 0.001000	 1.000000	 0.054902	 0.709804	 0.874510	 1.000000
390	120	1	-4009	-835	 1696	 2941	 0.000000	-1.063239	-1.027421	 0.001000	 1.000000	 0.054902	 0.709804	 0.874510	 1.000000
391	121	1	-2496	-3247	 1697	 2950	 0.000000	-1.062775	-1.028794	 0.001000	 1.000000	 0.054902	 0.709804	 0.874510	 1.000000
392	122	1	-3484	 2153	 1698	 2950	 0.000000	-1.062819	-1.030442	 0.001000	 1.000000	 0.054902	 0.709804	 0.874510	 1.000000
393	102	1	-3750	-1646	 1811	 2793	 0.000000	-1.045217	-0.992486	 0.001000	 1.000000	 0.054902	 0.709804	 0.874510	 1.000000
394	120	1	-4009	-835	 1696	 2941	 0.000000	-1.063239	-1.027421	 0.001000	 1.000000	 0.054902	 0.709804	 0.874510	 1.000000
395	122	1	-3484	 2153	 1698	 2950	 0.000000	-1.062819	-1.030442	 0.001000	 1.000000	 0.054902	 0.709804	 0.874510	 1.000000
396	118	1	-3486	-2149	 1899	 2931	 0.000000	-1.031414	-1.024676	 0.001000	 1.000000	 0.054902	 0.709804	 0.874510	 1.000000
397	102	1	-3750	-1646	 1811	 2793	 0.000000	-1.045217	-0.992486	 0.001000	 1.000000	 0.054902	 0.709804	 0.874510	 1.000000
398	122	1	-3484	 2153	 1698	 2950	 0.000000	-1.062819	-1.030442	 0.001000	 1.000000	 0.054902	 0.709804	 0.874510	 1.000000
399	122	1	-3484	 2153	 1698	 2950	 0.000000	-1.062819	-1.030442	 0.001000	 1.000000	 0.054902	 0.709804	 0.874510	 1.000000
400	123	1	-4007	-845	 1697	 2952	 0.000000	-1.063082	-1.029996	 0.001000	 1.000000	 0.054902	 0.709804	 0.874510	 1.000000
401	127	1	-4063	-512	 1698	 2973	 0.000000	-1.062937	-1.035020	 0.001000	 1.000000	 0.054902	 0.709804	 0.874510	 1.000000
402	118	1	-3486	-2149	 1899	 2931	 0.000000	-1.031414	-1.024676	 0.001000	 1.000000	 0.054902	 0.709804	 0.874510	 1.000000
403	122	1	-3484	 2153	 1698	 2950	 0.000000	-1.062819	-1.030442	 0.001000	 1.000000	 0.054902	 0.709804	 0.874510	 1.000000
404	127	1	-4063	-512	 1698	 2973	 0.000000	-1.062937	-1.035020	 0.001000	 1.000000	 0.054902	 0.709804	 0.874510	 1.000000
405	128	1	-3651	-1855	 1885	 2979	 0.000000	-1.033635	-1.036016	 0.001000	 1.000000	 0.054902	 0.709804	 0.874510	 1.000000
406	118	1	-3486	-2149	 1899	 2931	 0.000000	-1.031414	-1.024676	 0.001000	 1.000000	 0.054902	 0.709804	 0.874510	 1.000000
407	129	1	-4044	-646	 1838	 3040	 0.000000	-1.041058	-1.050682	 0.001000	 1.000000	 0.054902	 0.709804	 0.874510	 1.000000
408	118	1	-3486	-2149	 1899	 2931	 0.000000	-1.031414	-1.024676	 0.001000	 1.000000	 0.054902	 0.709804	 0.874510	 1.000000
409	127	1	-4063	-512	 1698	 2973	 0.000000	-1.062937	-1.035020	 0.001000	 1.000000	 0.054902	 0.709804	 0.874510	 1.000000
410	129	1	-4044	-646	 1838	 3040	 0.000000	-1.041058	-1.050682	 0.001000	 1.000000	 0.054902	 0.709804	 0.874510	 1.000000
411	129	1	-4044	-646	 1838	 3040	 0.000000	-1.041058	-1.050682	 0.001000	 1.000000	 0.054902	 0.709804	 0.874510	 1.000000
412	127	1	-4063	-512	 1698	 2973	 0.000000	-1.062937	-1.035020	 0.001000	 1.000000	 0.054902	 0.709804	 0.874510	 1.000000
413	130	1	-3633	-1890	 1674	 3051	 0.000000	-1.066600	-1.052880	 0.001000	 1.000000	 0.054902	 0.709804	 0.874510	 1.000000
414	131	1	-4095	-57	 1844	 3057	 0.000000	-1.040131	-1.054846	 0.001000	 1.000000	 0.054902	 0.709804	 0.874510	 1.000000
415	129	1	-4044	-646	 1838	 3040	 0.000000	-1.041058	-1.050682	 0.001000	 1.000000	 0.054902	 0.709804	 0.874510	 1.000000
416	132	1	-3309	-2412	 1829	 3096	 0.000000	-1.042315	-1.063268	 0.001000	 1.000000	 0.054902	 0.709804	 0.874510	 1.000000
417	129	1	-4044	-646	 1838	 3040	 0.000000	-1.041058	-1.050682	 0.001000	 1.000000	 0.054902	 0.709804	 0.874510	 1.000000
418	133	1	-3883	-1303	 1793	 3125	 0.000000	-1.048057	-1.070403	 0.001000	 1.000000	 0.054902	 0.709804	 0.874510	 1.000000
419	132	1	-3309	-2412	 1829	 3096	 0.000000	-1.042315	-1.063268	 0.001000	 1.000000	 0.054902	 0.709804	 0.874510	 1.000000
420	129	1	-4044	-646	 1838	 3040	 0.000000	-1.041058	-1.050682	 0.001000	 1.000000	 0.054902	 0.709804	 0.874510	 1.000000
421	130	1	-3633	-1890	 1674	 3051	 0.000000	-1.066600	-1.052880	 0.001000	 1.000000	 0.054902	 0.709804	 0.874510	 1.000000
422	133	1	-3883	-1303	 1793	 3125	 0.000000	-1.048057	-1.070403	 0.001000	 1.000000	 0.054902	 0.709804	 0.874510	 1.000000
423	134	1	 3307	 2416	 1795	 3144	 0.000000	-1.046282	-1.075991	 0.001000	 1.000000	 0.054902	 0.709804	 0.874510	 1.000000
424	133	1	-3883	-1303	 1793	 3125	 0.000000	-1.048057	-1.070403	 0.001000	 1.000000	 0.054902	 0.709804	 0.874510	 1.000000
425	135	1	 4096	 0	 1794	 3146	 0.000000	-1.046277	-1.075723	 0.001000	 1.000000	 0.054902	 0.709804	 0.874510	 1.000000
426	133	1	-3883	-1303	 1793	 3125	 0.000000	-1.048057	-1.070403	 0.001000	 1.000000	 0.054902	 0.709804	 0.874510	 1.000000
427	130	1	-3633	-1890	 1674	 3051	 0.000000	-1.066600	-1.052880	 0.001000	 1.000000	 0.054902	 0.709804	 0.874510	 1.000000
428	135	1	 4096	 0	 1794	 3146	 0.000000	-1.046277	-1.075723	 0.001000	 1.000000	 0.054902	 0.709804	 0.874510	 1.000000
429	135	1	 4096	 0	 1794	 3146	 0.000000	-1.046277	-1.075723	 0.001000	 1.000000	 0.054902	 0.709804	 0.874510	 1.000000
430	130	1	-3633	-1890	 1674	 3051	 0.000000	-1.066600	-1.052880	 0.001000	 1.000000	 0.054902	 0.709804	 0.874510	 1.000000
431	136	1	 941	 3986	 1795	 3148	 0.000000	-1.046763	-1.077408	 0.001000	 1.000000	 0.054902	 0.709804	 0.874510	 1.000000
432	130	1	-3633	-1890	 1674	 3051	 0.000000	-1.066600	-1.052880	 0.001000	 1.000000	 0.054902	 0.709804	 0.874510	 1.000000
433	138	1	-3945	-1100	 1590	 3159	 0.000000	-1.079788	-1.078434	 0.001000	 1.000000	 0.054902	 0.709804	 0.874510	 1.000000
434	141	1	-2140	-3492	 1594	 3193	 0.000000	-1.078796	-1.085672	 0.001000	 1.000000	 0.054902	 0.709804	 0.874510	 1.000000
435	137	1	-4064	-508	 1799	 3149	 0.000000	-1.047156	-1.076271	 0.001000	 1.000000	 0.054902	 0.709804	 0.874510	 1.000000
436	136	1	 941	 3986	 1795	 3148	 0.000000	-1.046763	-1.077408	 0.001000	 1.000000	 0.054902	 0.709804	 0.874510	 1.000000
437	139	1	-3029	-2756	 1778	 3188	 0.000000	-1.050227	-1.084725	 0.001000	 1.000000	 0.054902	 0.709804	 0.874510	 1.000000
438	136	1	 941	 3986	 1795	 3148	 0.000000	-1.046763	-1.077408	 0.001000	 1.000000	 0.054902	 0.709804	 0.874510	 1.000000
439	130	1	-3633	-1890	 1674	 3051	 0.000000	-1.066600	-1.052880	 0.001000	 1.000000	 0.054902	 0.709804	 0.874510	 1.000000
440	139	1	-3029	-2756	 1778	 3188	 0.000000	-1.050227	-1.084725	 0.001000	 1.000000	 0.054902	 0.709804	 0.874510	 1.000000
441	139	1	-3029	-2756	 1778	 3188	 0.000000	-1.050227	-1.084725	 0.001000	 1.000000	 0.054902	 0.709804	 0.874510	 1.000000
442	130	1	-3633	-1890	 1674	 3051	 0.000000	-1.066600	-1.052880	 0.001000	 1.000000	 0.054902	 0.709804	 0.874510	 1.000000
443	141	1	-2140	-3492	 1594	 3193	 0.000000	-1.078796	-1.085672	 0.001000	 1.000000	 0.054902	 0.709804	 0.874510	 1.000000
444	139	1	-3029	-2756	 1778	 3188	 0.000000	-1.050227	-1.084725	 0.001000	 1.000000	 0.054902	 0.709804	 0.874510	 1.000000
445	141	1	-2140	-3492	 1594	 3193	 0.000000	-1.078796	-1.085672	 0.001000	 1.000000	 0.054902	 0.709804	 0.874510	 1.000000
446	142	1	-2940	-2851	 1757	 3202	 0.000000	-1.053490	-1.087978	 0.001000	 1.000000	 0.054902	 0.709804	 0.874510	 1.000000
447	145	1	 3483	 2154	 1590	 3257	 0.000000	-1.078277	-1.102396	 0.001000	 1.000000	 0.054902	 0.709804	 0.874510	 1.000000
448	144	1	-1250	-3900	 1589	 3254	 0.000000	-1.079396	-1.099845	 0.001000	 1.000000	 0.054902	 0.709804	 0.874510	 1.000000
449	147	1	 4096	 0	 1588	 3260	 0.000000	-1.078465	-1.102441	 0.001000	 1.000000	 0.054902	 0.709804	 0.874510	 1.000000
450	144	1	-1250	-3900	 1589	 3254	 0.000000	-1.079396	-1.099845	 0.001000	 1.000000	 0.054902	 0.709804	 0.874510	 1.000000
451	145	1	 3483	 2154	 1590	 3257	 0.000000	-1.078277	-1.102396	 0.001000	 1.000000	 0.054902	 0.709804	 0.874510	 1.000000
452	146	1	-2167	-3475	 1592	 3257	 0.000000	-1.079114	-1.100678	 0.001000	 1.000000	 0.054902	 0.709804	 0.874510	 1.000000
453	146	1	-2167	-3475	 1592	 3257	 0.000000	-1.079114	-1.100678	 0.001000	 1.000000	 0.054902	 0.709804	 0.874510	 1.000000
454	145	1	 3483	 2154	 1590	 3257	 0.000000	-1.078277	-1.102396	 0.001000	 1.000000	 0.054902	 0.709804	 0.874510	 1.000000
455	148	1	 1186	 3920	 1590	 3263	 0.000000	-1.078744	-1.104341	 0.001000	 1.000000	 0.054902	 0.709804	 0.874510	 1.000000
456	141	1	-2140	-3492	 1594	 3193	 0.000000	-1.078796	-1.085672	 0.001000	 1.000000	 0.054902	 0.709804	 0.874510	 1.000000
457	140	1	-1387	-3853	 1588	 3189	 0.000000	-1.079580	-1.084625	 0.001000	 1.000000	 0.054902	 0.709804	 0.874510	 1.000000
458	143	1	-4095	 78	 1579	 3219	 0.000000	-1.081537	-1.092856	 0.001000	 1.000000	 0.054902	 0.709804	 0.874510	 1.000000
459	142	1	-2940	-2851	 1757	 3202	 0.000000	-1.053490	-1.087978	 0.001000	 1.000000	 0.054902	 0.709804	 0.874510	 1.000000
460	141	1	-2140	-3492	 1594	 3193	 0.000000	-1.078796	-1.085672	 0.001000	 1.000000	 0.054902	 0.709804	 0.874510	 1.000000
461	143	1	-4095	 78	 1579	 3219	 0.000000	-1.081537	-1.092856	 0.001000	 1.000000	 0.054902	 0.709804	 0.874510	 1.000000
462	142	1	-2940	-2851	 1757	 3202	 0.000000	-1.053490	-1.087978	 0.001000	 1.000000	 0.054902	 0.709804	 0.874510	 1.000000
463	143	1	-4095	 78	 1579	 3219	 0.000000	-1.081537	-1.092856	 0.001000	 1.000000	 0.054902	 0.709804	 0.874510	 1.000000
464	146	1	-2167	-3475	 1592	 3257	 0.000000	-1.079114	-1.100678	 0.001000	 1.000000	 0.054902	 0.709804	 0.874510	 1.000000
465	142	1	-2940	-2851	 1757	 3202	 0.000000	-1.053490	-1.087978	 0.001000	 1.000000	 0.054902	 0.709804	 0.874510	 1.000000
466	146	1	-2167	-3475	 1592	 3257	 0.000000	-1.079114	-1.100678	 0.001000	 1.000000	 0.054902	 0.709804	 0.874510	 1.000000
467	148	1	 1186	 3920	 1590	 3263	 0.000000	-1.078744	-1.104341	 0.001000	 1.000000	 0.054902	 0.709804	 0.874510	 1.000000
468	142	1	-2940	-2851	 1757	 3202	 0.000000	-1.053490	-1.087978	 0.001000	 1.000000	 0.054902	 0.709804	 0.874510	 1.000000
469	148	1	 1186	 3920	 1590	 3263	 0.000000	-1.078744	-1.104341	 0.001000	 1.000000	 0.054902	 0.709804	 0.874510	 1.000000
470	149	1	-2340	-3361	 1704	 3287	 0.000000	-1.061649	-1.107744	 0.001000	 1.000000	 0.054902	 0.709804	 0.874510	 1.000000
471	152	1	-2237	-3430	 1577	 3301	 0.000000	-1.081472	-1.111004	 0.001000	 1.000000	 0.054902	 0.709804	 0.874510	 1.000000
472	151	1	-1706	-3723	 1564	 3299	 0.000000	-1.083395	-1.110446	 0.001000	 1.000000	 0.054902	 0.709804	 0.874510	 1.000000
473	153	1	-4057	-561	 1534	 3347	 0.000000	-1.088561	-1.122661	 0.001000	 1.000000	 0.054902	 0.709804	 0.874510	 1.000000
474	149	1	-2340	-3361	 1704	 3287	 0.000000	-1.061649	-1.107744	 0.001000	 1.000000	 0.054902	 0.709804	 0.874510	 1.000000
475	148	1	 1186	 3920	 1590	 3263	 0.000000	-1.078744	-1.104341	 0.001000	 1.000000	 0.054902	 0.709804	 0.874510	 1.000000
476	150	1	-2820	-2970	 1670	 3294	 0.000000	-1.067059	-1.109504	 0.001000	 1.000000	 0.054902	 0.709804	 0.874510	 1.000000
477	148	1	 1186	 3920	 1590	 3263	 0.000000	-1.078744	-1.104341	 0.001000	 1.000000	 0.054902	 0.709804	 0.874510	 1.000000
478	147	1	 4096	 0	 1588	 3260	 0.000000	-1.078465	-1.102441	 0.001000	 1.000000	 0.054902	 0.709804	 0.874510	 1.000000
479	152	1	-2237	-3430	 1577	 3301	 0.000000	-1.081472	-1.111004	 0.001000	 1.000000	 0.054902	 0.709804	 0.874510	 1.000000
480	150	1	-2820	-2970	 1670	 3294	 0.000000	-1.067059	-1.109504	 0.001000	 1.000000	 0.054902	 0.709804	 0.874510	 1.000000
481	148	1	 1186	 3920	 1590	 3263	 0.000000	-1.078744	-1.104341	 0.001000	 1.000000	 0.054902	 0.709804	 0.874510	 1.000000
482	152	1	-2237	-3430	 1577	 3301	 0.000000	-1.081472	-1.111004	 0.001000	 1.000000	 0.054902	 0.709804	 0.874510	 1.000000
483	150	1	-2820	-2970	 1670	 3294	 0.000000	-1.067059	-1.109504	 0.001000	 1.000000	 0.054902	 0.709804	 0.874510	 1.000000
484	152	1	-2237	-3430	 1577	 3301	 0.000000	-1.081472	-1.111004	 0.001000	 1.000000	 0.054902	 0.709804	 0.874510	 1.000000
485	154	1	-4085	-288	 1651	 3367	 0.000000	-1.070285	-1.127432	 0.001000	 1.000000	 0.054902	 0.709804	 0.874510	 1.000000
486	152	1	-2237	-3430	 1577	 3301	 0.000000	-1.081472	-1.111004	 0.001000	 1.000000	 0.054902	 0.709804	 0.874510	 1.000000
487	153	1	-4057	-561	 1534	 3347	 0.000000	-1.088561	-1.122661	 0.001000	 1.000000	 0.054902	 0.709804	 0.874510	 1.000000
488	155	1	-4091	 201	 1541	 3371	 0.000000	-1.087474	-1.128518	 0.001000	 1.000000	 0.054902	 0.709804	 0.874510	 1.000000
489	154	1	-4085	-288	 1651	 3367	 0.000000	-1.070285	-1.127432	 0.001000	 1.000000	 0.054902	 0.709804	 0.874510	 1.000000
490	152	1	-2237	-3430	 1577	 3301	 0.000000	-1.081472	-1.111004	 0.001000	 1.000000	 0.054902	 0.709804	 0.874510	 1.000000
491	155	1	-4091	 201	 1541	 3371	 0.000000	-1.087474	-1.128518	 0.001000	 1.000000	 0.054902	 0.709804	 0.874510	 1.000000
492	155	1	-4091	 201	 1541	 3371	 0.000000	-1.087474	-1.128518	 0.001000	 1.000000	 0.054902	 0.709804	 0.874510	 1.000000
493	157	1	-4092	 168	 1526	 3451	 0.000000	-1.089818	-1.147258	 0.001000	 1.000000	 0.054902	 0.709804	 0.874510	 1.000000
494	158	1	-3631	-1894	 1584	 3497	 0.000000	-1.080662	-1.157410	 0.001000	 1.000000	 0.054902	 0.709804	 0.874510	 1.000000
495	154	1	-4085	-288	 1651	 3367	 0.000000	-1.070285	-1.127432	 0.001000	 1.000000	 0.054902	 0.709804	 0.874510	 1.000000
496	155	1	-4091	 201	 1541	 3371	 0.000000	-1.087474	-1.128518	 0.001000	 1.000000	 0.054902	 0.709804	 0.874510	 1.000000
497	156	1	-4026	-753	 1655	 3402	 0.000000	-1.069648	-1.135493	 0.001000	 1.000000	 0.054902	 0.709804	 0.874510	 1.000000
498	156	1	-4026	-753	 1655	 3402	 0.000000	-1.069648	-1.135493	 0.001000	 1.000000	 0.054902	 0.709804	 0.874510	 1.000000
499	155	1	-4091	 201	 1541	 3371	 0.000000	-1.087474	-1.128518	 0.001000	 1.000000	 0.054902	 0.709804	 0.874510	 1.000000
500	158	1	-3631	-1894	 1584	 3497	 0.000000	-1.080662	-1.157410	 0.001000	 1.000000	 0.054902	 0.709804	 0.874510	 1.000000
501	156	1	-4026	-753	 1655	 3402	 0.000000	-1.069648	-1.135493	 0.001000	 1.000000	 0.054902	 0.709804	 0.874510	 1.000000
502	158	1	-3631	-1894	 1584	 3497	 0.000000	-1.080662	-1.157410	 0.001000	 1.000000	 0.054902	 0.709804	 0.874510	 1.000000
503	159	1	-1940	-3607	 1604	 3499	 0.000000	-1.077193	-1.157356	 0.001000	 1.000000	 0.054902	 0.709804	 0.874510	 1.000000
504	158	1	-3631	-1894	 1584	 3497	 0.000000	-1.080662	-1.157410	 0.001000	 1.000000	 0.054902	 0.709804	 0.874510	 1.000000
505	157	1	-4092	 168	 1526	 3451	 0.000000	-1.089818	-1.147258	 0.001000	 1.000000	 0.054902	 0.709804	 0.874510	 1.000000
506	160	1	-3955	-1063	 1596	 3511	 0.000000	-1.078853	-1.160945	 0.001000	 1.000000	 0.054902	 0.709804	 0.874510	 1.000000
507	160	1	-3955	-1063	 1596	 3511	 0.000000	-1.078853	-1.160945	 0.001000	 1.000000	 0.054902	 0.709804	 0.874510	 1.000000
508	157	1	-4092	 168	 1526	 3451	 0.000000	-1.089818	-1.147258	 0.001000	 1.000000	 0.054902	 0.709804	 0.874510	 1.000000
509	161	1	-3971	-1000	 1543	 3513	 0.000000	-1.087137	-1.161433	 0.001000	 1.000000	 0.054902	 0.709804	 0.874510	 1.000000
510	161	1	-3971	-1000	 1543	 3513	 0.000000	-1.087137	-1.161433	 0.001000	 1.000000	 0.054902	 0.709804	 0.874510	 1.000000
511	162	1	-500	-4065	 1540	 3518	 0.000000	-1.086900	-1.161670	 0.001000	 1.000000	 0.054902	 0.709804	 0.874510	 1.000000
512	164	1	 1327	 3874	 1545	 3521	 0.000000	-1.085747	-1.164796	 0.001000	 1.000000	 0.054902	 0.709804	 0.874510	 1.000000
513	160	1	-3955	-1063	 1596	 3511	 0.000000	-1.078853	-1.160945	 0.001000	 1.000000	 0.054902	 0.709804	 0.874510	 1.000000
514	161	1	-3971	-1000	 1543	 3513	 0.000000	-1.087137	-1.161433	 0.001000	 1.000000	 0.054902	 0.709804	 0.874510	 1.000000
515	164	1	 1327	 3874	 1545	 3521	 0.000000	-1.085747	-1.164796	 0.001000	 1.000000	 0.054902	 0.709804	 0.874510	 1.000000
516	160	1	-3955	-1063	 1596	 3511	 0.000000	-1.078853	-1.160945	 0.001000	 1.000000	 0.054902	 0.709804	 0.874510	 1.000000
517	164	1	 1327	 3874	 1545	 3521	 0.000000	-1.085747	-1.164796	 0.001000	 1.000000	 0.054902	 0.709804	 0.874510	 1.000000
518	165	1	-941	 3986	 1542	 3522	 0.000000	-1.086677	-1.165064	 0.001000	 1.000000	 0.054902	 0.709804	 0.874510	 1.000000
519	160	1	-3955	-1063	 1596	 3511	 0.000000	-1.078853	-1.160945	 0.001000	 1.000000	 0.054902	 0.709804	 0.874510	 1.000000
520	165	1	-941	 3986	 1542	 3522	 0.000000	-1.086677	-1.165064	 0.001000	 1.000000	 0.054902	 0.709804	 0.874510	 1.000000
521	166	1	-4094	 92	 1556	 3525	 0.000000	-1.085131	-1.164579	 0.001000	 1.000000	 0.054902	 0.709804	 0.874510	 1.000000
522	162	1	-500	-4065	 1540	 3518	 0.000000	-1.086900	-1.161670	 0.001000	 1.000000	 0.054902	 0.709804	 0.874510	 1.000000
523	161	1	-3971	-1000	 1543	 3513	 0.000000	-1.087137	-1.161433	 0.001000	 1.000000	 0.054902	 0.709804	 0.874510	 1.000000
524	163	1	-4096	 0	 1539	 3519	 0.000000	-1.087788	-1.163144	 0.001000	 1.000000	 0.054902	 0.709804	 0.874510	 1.000000
525	166	1	-4094	 92	 1556	 3525	 0.000000	-1.085131	-1.164579	 0.001000	 1.000000	 0.054902	 0.709804	 0.874510	 1.000000
526	165	1	-941	 3986	 1542	 3522	 0.000000	-1.086677	-1.165064	 0.001000	 1.000000	 0.054902	 0.709804	 0.874510	 1.000000
527	167	1	-4048	 623	 1566	 3528	 0.000000	-1.083559	-1.165444	 0.001000	 1.000000	 0.054902	 0.709804	 0.874510	 1.000000
528	163	1	-4096	 0	 1539	 3519	 0.000000	-1.087788	-1.163144	 0.001000	 1.000000	 0.054902	 0.709804	 0.874510	 1.000000
529	161	1	-3971	-1000	 1543	 3513	 0.000000	-1.087137	-1.161433	 0.001000	 1.000000	 0.054902	 0.709804	 0.874510	 1.000000
530	168	1	-4061	 533	 1523	 3534	 0.000000	-1.090281	-1.166823	 0.001000	 1.000000	 0.054902	 0.709804	 0.874510	 1.000000
531	165	1	-941	 3986	 1542	 3522	 0.000000	-1.086677	-1.165064	 0.001000	 1.000000	 0.054902	 0.709804	 0.874510	 1.000000
532	163	1	-4096	 0	 1539	 3519	 0.000000	-1.087788	-1.163144	 0.001000	 1.000000	 0.054902	 0.709804	 0.874510	 1.000000
533	168	1	-4061	 533	 1523	 3534	 0.000000	-1.090281	-1.166823	 0.001000	 1.000000	 0.054902	 0.709804	 0.874510	 1.000000
534	167	1	-4048	 623	 1566	 3528	 0.000000	-1.083559	-1.165444	 0.001000	 1.000000	 0.054902	 0.709804	 0.874510	 1.000000
535	165	1	-941	 3986	 1542	 3522	 0.000000	-1.086677	-1.165064	 0.001000	 1.000000	 0.054902	 0.709804	 0.874510	 1.000000
536	168	1	-4061	 533	 1523	 3534	 0.000000	-1.090281	-1.166823	 0.001000	 1.000000	 0.054902	 0.709804	 0.874510	 1.000000
537	167	1	-4048	 623	 1566	 3528	 0.000000	-1.083559	-1.165444	 0.001000	 1.000000	 0.054902	 0.709804	 0.874510	 1.000000
538	168	1	-4061	 533	 1523	 3534	 0.000000	-1.090281	-1.166823	 0.001000	 1.000000	 0.054902	 0.709804	 0.874510	 1.000000
539	169	1	 99	 4094	 1541	 3545	 0.000000	-1.086622	-1.170488	 0.001000	 1.000000	 0.054902	 0.709804	 0.874510	 1.000000
540	171	1	-2742	 3042	 4109	 509	 0.000000	-0.685950	-0.458604	 0.001000	 1.000000	 0.054902	 0.709804	 0.874510	 1.000000
541	170	1	-1873	 3642	 4160	 455	 0.000000	-0.677804	-0.446131	 0.001000	 1.000000	 0.054902	 0.709804	 0.874510	 1.000000
542	172	1	-3440	 2223	 4097	 514	 0.000000	-0.687967	-0.459526	 0.001000	 1.000000	 0.054902	 0.709804	 0.874510	 1.000000
543	174	1	-4039	 676	 4145	 568	 0.000000	-0.680589	-0.471710	 0.001000	 1.000000	 0.054902	 0.709804	 0.874510	 1.000000
544	173	1	-4016	 802	 4103	 529	 0.000000	-0.687146	-0.462608	 0.001000	 1.000000	 0.054902	 0.709804	 0.874510	 1.000000
545	175	1	-4096	 0	 4144	 569	 0.000000	-0.680756	-0.471738	 0.001000	 1.000000	 0.054902	 0.709804	 0.874510	 1.000000
546	175	1	-4096	 0	 4144	 569	 0.000000	-0.680756	-0.471738	 0.001000	 1.000000	 0.054902	 0.709804	 0.874510	 1.000000
547	173	1	-4016	 802	 4103	 529	 0.000000	-0.687146	-0.462608	 0.001000	 1.000000	 0.054902	 0.709804	 0.874510	 1.000000
548	176	1	-3986	 941	 4145	 570	 0.000000	-0.680578	-0.472260	 0.001000	 1.000000	 0.054902	 0.709804	 0.874510	 1.000000
549	176	1	-3986	 941	 4145	 570	 0.000000	-0.680578	-0.472260	 0.001000	 1.000000	 0.054902	 0.709804	 0.874510	 1.000000
550	173	1	-4016	 802	 4103	 529	 0.000000	-0.687146	-0.462608	 0.001000	 1.000000	 0.054902	 0.709804	 0.874510	 1.000000
551	178	1	-1754	 3701	 4139	 573	 0.000000	-0.681061	-0.473805	 0.001000	 1.000000	 0.054902	 0.709804	 0.874510	 1.000000
552	176	1	-3986	 941	 4145	 570	 0.000000	-0.680578	-0.472260	 0.001000	 1.000000	 0.054902	 0.709804	 0.874510	 1.000000
553	178	1	-1754	 3701	 4139	 573	 0.000000	-0.681061	-0.473805	 0.001000	 1.000000	 0.054902	 0.709804	 0.874510	 1.000000
554	179	1	-1799	 3679	 4144	 573	 0.000000	-0.680289	-0.473799	 0.001000	 1.000000	 0.054902	 0.709804	 0.874510	 1.000000
555	170	1	-1873	 3642	 4160	 455	 0.000000	-0.677804	-0.446131	 0.001000	 1.000000	 0.054902	 0.709804	 0.874510	 1.000000
556	171	1	-2742	 3042	 4109	 509	 0.000000	-0.685950	-0.458604	 0.001000	 1.000000	 0.054902	 0.709804	 0.874510	 1.000000
557	173	1	-4016	 802	 4103	 529	 0.000000	-0.687146	-0.462608	 0.001000	 1.000000	 0.054902	 0.709804	 0.874510	 1.000000
558	170	1	-1873	 3642	 4160	 455	 0.000000	-0.677804	-0.446131	 0.001000	 1.000000	 0.054902	 0.709804	 0.874510	 1.000000
559	173	1	-4016	 802	 4103	 529	 0.000000	-0.687146	-0.462608	 0.001000	 1.000000	 0.054902	 0.709804	 0.874510	 1.000000
560	174	1	-4039	 676	 4145	 568	 0.000000	-0.680589	-0.471710	 0.001000	 1.000000	 0.054902	 0.709804	 0.874510	 1.000000
561	170	1	-1873	 3642	 4160	 455	 0.000000	-0.677804	-0.446131	 0.001000	 1.000000	 0.054902	 0.709804	 0.874510	 1.000000
562	174	1	-4039	 676	 4145	 568	 0.000000	-0.680589	-0.471710	 0.001000	 1.000000	 0.054902	 0.709804	 0.874510	 1.000000
563	177	1	-4088	-254	 4146	 570	 0.000000	-0.680442	-0.471895	 0.001000	 1.000000	 0.054902	 0.709804	 0.874510	 1.000000
564	170	1	-1873	 3642	 4160	 455	 0.000000	-0.677804	-0.446131	 0.001000	 1.000000	 0.054902	 0.709804	 0.874510	 1.000000
565	177	1	-4088	-254	 4146	 570	 0.000000	-0.680442	-0.471895	 0.001000	 1.000000	 0.054902	 0.709804	 0.874510	 1.000000
566	180	1	 2804	 2985	 4160	 574	 0.000000	-0.676853	-0.473821	 0.001000	 1.000000	 0.054902	 0.709804	 0.874510	 1.000000
567	177	1	-4088	-254	 4146	 570	 0.000000	-0.680442	-0.471895	 0.001000	 1.000000	 0.054902	 0.709804	 0.874510	 1.000000
568	179	1	-1799	 3679	 4144	 573	 0.000000	-0.680289	-0.473799	 0.001000	 1.000000	 0.054902	 0.709804	 0.874510	 1.000000
569	180	1	 2804	 2985	 4160	 574	 0.000000	-0.676853	-0.473821	 0.001000	 1.000000	 0.054902	 0.709804	 0.874510	 1.000000
570	181	1	 0	 0	 1388	 2252	 0.000000	-1.110548	-0.866191	 0.001000	 1.000000	 0.054902	 0.709804	 0.874510	 1.000000
571	182	1	-1559	-3787	 1373	 2253	 0.000000	-1.113209	-0.865270	 0.001000	 1.000000	 0.054902	 0.709804	 0.874510	 1.000000
572	183	1	 2537	 3215	 1353	 2297	 0.000000	-1.115501	-0.877719	 0.001000	 1.000000	 0.054902	 0.709804	 0.874510	 1.000000
573	183	1	 2537	 3215	 1353	 2297	 0.000000	-1.115501	-0.877719	 0.001000	 1.000000	 0.054902	 0.709804	 0.874510	 1.000000
574	182	1	-1559	-3787	 1373	 2253	 0.000000	-1.113209	-0.865270	 0.001000	 1.000000	 0.054902	 0.709804	 0.874510	 1.000000
575	184	1	-4092	 176	 1320	 2299	 0.000000	-1.122006	-0.877261	 0.001000	 1.000000	 0.054902	 0.709804	 0.874510	 1.000000
576	183	1	 2537	 3215	 1353	 2297	 0.000000	-1.115501	-0.877719	 0.001000	 1.000000	 0.054902	 0.709804	 0.874510	 1.000000
577	184	1	-4092	 176	 1320	 2299	 0.000000	-1.122006	-0.877261	 0.001000	 1.000000	 0.054902	 0.709804	 0.874510	 1.000000
578	185	1	-413	 4075	 1331	 2307	 0.000000	-1.119538	-0.880326	 0.001000	 1.000000	 0.054902	 0.709804	 0.874510	 1.000000
579	186	1	 0	 0	 224	 1960	 0.000000	-1.292423	-0.797754	 0.001000	 1.000000	 0.054902	 0.709804	 0.874510	 1.000000
580	187	1	 3664	-1830	 221	 2005	 0.000000	-1.292146	-0.807742	 0.001000	 1.000000	 0.054902	 0.709804	 0.874510	 1.000000
581	188	1	 3485	-2150	 227	 2005	 0.000000	-1.291245	-0.807645	 0.001000	 1.000000	 0.054902	 0.709804	 0.874510	 1.000000
582	188	1	 3485	-2150	 227	 2005	 0.000000	-1.291245	-0.807645	 0.001000	 1.000000	 0.054902	 0.709804	 0.874510	 1.000000
583	187	1	 3664	-1830	 221	 2005	 0.000000	-1.292146	-0.807742	 0.001000	 1.000000	 0.054902	 0.709804	 0.874510	 1.000000
584	189	1	 3768	-1603	 244	 2020	 0.000000	-1.288531	-0.811327	 0.001000	 1.000000	 0.054902	 0.709804	 0.874510	 1.000000
585	188	1	 3485	-2150	 227	 2005	 0.000000	-1.291245	-0.807645	 0.001000	 1.000000	 0.054902	 0.709804	 0.874510	 1.000000
586	189	1	 3768	-1603	 244	 2020	 0.000000	-1.288531	-0.811327	 0.001000	 1.000000	 0.054902	 0.709804	 0.874510	 1.000000
587	190	1	 3679	-1798	 261	 2025	 0.000000	-1.285893	-0.812440	 0.001000	 1.000000	 0.054902	 0.709804	 0.874510	 1.000000
588	190	1	 3679	-1798	 261	 2025	 0.000000	-1.285893	-0.812440	 0.001000	 1.000000	 0.054902	 0.709804	 0.874510	 1.000000
589	189	1	 3768	-1603	 244	 2020	 0.000000	-1.288531	-0.811327	 0.001000	 1.000000	 0.054902	 0.709804	 0.874510	 1.000000
590	191	1	 2755	 3030	 240	 2041	 0.000000	-1.289363	-0.817663	 0.001000	 1.000000	 0.054902	 0.709804	 0.874510	 1.000000
591	190	1	 3679	-1798	 261	 2025	 0.000000	-1.285893	-0.812440	 0.001000	 1.000000	 0.054902	 0.709804	 0.874510	 1.000000
592	191	1	 2755	 3030	 240	 2041	 0.000000	-1.289363	-0.817663	 0.001000	 1.000000	 0.054902	 0.709804	 0.874510	 1.000000
593	193	1	 3134	 2636	 258	 2048	 0.000000	-1.286473	-0.819183	 0.001000	 1.000000	 0.054902	 0.709804	 0.874510	 1.000000
594	191	1	 2755	 3030	 240	 2041	 0.000000	-1.289363	-0.817663	 0.001000	 1.000000	 0.054902	 0.709804	 0.874510	 1.000000
595	192	1	 1475	 3821	 208	 2044	 0.000000	-1.294623	-0.818608	 0.001000	 1.000000	 0.054902	 0.709804	 0.874510	 1.000000
596	194	1	 3870	 1340	 184	 2062	 0.000000	-1.297886	-0.822069	 0.001000	 1.000000	 0.054902	 0.709804	 0.874510	 1.000000
597	193	1	 3134	 2636	 258	 2048	 0.000000	-1.286473	-0.819183	 0.001000	 1.000000	 0.054902	 0.709804	 0.874510	 1.000000
598	191	1	 2755	 3030	 240	 2041	 0.000000	-1.289363	-0.817663	 0.001000	 1.000000	 0.054902	 0.709804	 0.874510	 1.000000
599	194	1	 3870	 1340	 184	 2062	 0.000000	-1.297886	-0.822069	 0.001000	 1.000000	 0.054902	 0.709804	 0.874510	 1.000000
600	193	1	 3134	 2636	 258	 2048	 0.000000	-1.286473	-0.819183	 0.001000	 1.000000	 0.054902	 0.709804	 0.874510	 1.000000
601	194	1	 3870	 1340	 184	 2062	 0.000000	-1.297886	-0.822069	 0.001000	 1.000000	 0.054902	 0.709804	 0.874510	 1.000000
602	195	1	 4029	 737	 197	 2067	 0.000000	-1.295822	-0.823057	 0.001000	 1.000000	 0.054902	 0.709804	 0.874510	 1.000000
603	195	1	 4029	 737	 197	 2067	 0.000000	-1.295822	-0.823057	 0.001000	 1.000000	 0.054902	 0.709804	 0.874510	 1.000000
604	194	1	 3870	 1340	 184	 2062	 0.000000	-1.297886	-0.822069	 0.001000	 1.000000	 0.054902	 0.709804	 0.874510	 1.000000
605	197	1	 3163	 2602	 188	 2077	 0.000000	-1.297405	-0.825970	 0.001000	 1.000000	 0.054902	 0.709804	 0.874510	 1.000000
606	195	1	 4029	 737	 197	 2067	 0.000000	-1.295822	-0.823057	 0.001000	 1.000000	 0.054902	 0.709804	 0.874510	 1.000000
607	197	1	 3163	 2602	 188	 2077	 0.000000	-1.297405	-0.825970	 0.001000	 1.000000	 0.054902	 0.709804	 0.874510	 1.000000
608	198	1	 3912	 1211	 220	 2085	 0.000000	-1.292252	-0.827420	 0.001000	 1.000000	 0.054902	 0.709804	 0.874510	 1.000000
609	197	1	 3163	 2602	 188	 2077	 0.000000	-1.297405	-0.825970	 0.001000	 1.000000	 0.054902	 0.709804	 0.874510	 1.000000
610	196	1	 2484	 3256	 158	 2075	 0.000000	-1.302230	-0.825701	 0.001000	 1.000000	 0.054902	 0.709804	 0.874510	 1.000000
611	198	1	 3912	 1211	 220	 2085	 0.000000	-1.292252	-0.827420	 0.001000	 1.000000	 0.054902	 0.709804	 0.874510	 1.000000
612	198	1	 3912	 1211	 220	 2085	 0.000000	-1.292252	-0.827420	 0.001000	 1.000000	 0.054902	 0.709804	 0.874510	 1.000000
613	196	1	 2484	 3256	 158	 2075	 0.000000	-1.302230	-0.825701	 0.001000	 1.000000	 0.054902	 0.709804	 0.874510	 1.000000
614	199	1	 2403	 3316	 173	 2088	 0.000000	-1.299903	-0.828766	 0.001000	 1.000000	 0.054902	 0.709804	 0.874510	 1.000000
615	199	1	 2403	 3316	 173	 2088	 0.000000	-1.299903	-0.828766	 0.001000	 1.000000	 0.054902	 0.709804	 0.874510	 1.000000
616	196	1	 2484	 3256	 158	 2075	 0.000000	-1.302230	-0.825701	 0.001000	 1.000000	 0.054902	 0.709804	 0.874510	 1.000000
617	200	1	 4086	-275	 147	 2129	 0.000000	-1.303623	-0.837279	 0.001000	 1.000000	 0.054902	 0.709804	 0.874510	 1.000000
618	199	1	 2403	 3316	 173	 2088	 0.000000	-1.299903	-0.828766	 0.001000	 1.000000	 0.054902	 0.709804	 0.874510	 1.000000
619	200	1	 4086	-275	 147	 2129	 0.000000	-1.303623	-0.837279	 0.001000	 1.000000	 0.054902	 0.709804	 0.874510	 1.000000
620	201	1	 4087	-269	 155	 2133	 0.000000	-1.302373	-0.838219	 0.001000	 1.000000	 0.054902	 0.709804	 0.874510	 1.000000
621	201	1	 4087	-269	 155	 2133	 0.000000	-1.302373	-0.838219	 0.001000	 1.000000	 0.054902	 0.709804	 0.874510	 1.000000
622	200	1	 4086	-275	 147	 2129	 0.000000	-1.303623	-0.837279	 0.001000	 1.000000	 0.054902	 0.709804	 0.874510	 1.000000
623	202	1	 2126	-3500	 173	 2165	 0.000000	-1.299959	-0.844733	 0.001000	 1.000000	 0.054902	 0.709804	 0.874510	 1.000000
624	202	1	 2126	-3500	 173	 2165	 0.000000	-1.299959	-0.844733	 0.001000	 1.000000	 0.054902	 0.709804	 0.874510	 1.000000
625	200	1	 4086	-275	 147	 2129	 0.000000	-1.303623	-0.837279	 0.001000	 1.000000	 0.054902	 0.709804	 0.874510	 1.000000
626	204	1	 2563	-3194	 162	 2172	 0.000000	-1.301589	-0.846467	 0.001000	 1.000000	 0.054902	 0.709804	 0.874510	 1.000000
627	203	1	 1843	-3657	 203	 2166	 0.000000	-1.295329	-0.844919	 0.001000	 1.000000	 0.054902	 0.709804	 0.874510	 1.000000
628	202	1	 2126	-3500	 173	 2165	 0.000000	-1.299959	-0.844733	 0.001000	 1.000000	 0.054902	 0.709804	 0.874510	 1.000000
629	204	1	 2563	-3194	 162	 2172	 0.000000	-1.301589	-0.846467	 0.001000	 1.000000	 0.054902	 0.709804	 0.874510	 1.000000
630	203	1	 1843	-3657	 203	 2166	 0.000000	-1.295329	-0.844919	 0.001000	 1.000000	 0.054902	 0.709804	 0.874510	 1.000000
631	204	1	 2563	-3194	 162	 2172	 0.000000	-1.301589	-0.846467	 0.001000	 1.000000	 0.054902	 0.709804	 0.874510	 1.000000
632	205	1	 2006	-3570	 196	 2176	 0.000000	-1.296390	-0.847289	 0.001000	 1.000000	 0.054902	 0.709804	 0.874510	 1.000000
633	203	1	 1843	-3657	 203	 2166	 0.000000	-1.295329	-0.844919	 0.001000	 1.000000	 0.054902	 0.709804	 0.874510	 1.000000
634	205	1	 2006	-3570	 196	 2176	 0.000000	-1.296390	-0.847289	 0.001000	 1.000000	 0.054902	 0.709804	 0.874510	 1.000000
635	207	1	 1735	-3709	 226	 2195	 0.000000	-1.291758	-0.851700	 0.001000	 1.000000	 0.054902	 0.709804	 0.874510	 1.000000
636	207	1	 1735	-3709	 226	 2195	 0.000000	-1.291758	-0.851700	 0.001000	 1.000000	 0.054902	 0.709804	 0.874510	 1.000000
637	205	1	 2006	-3570	 196	 2176	 0.000000	-1.296390	-0.847289	 0.001000	 1.000000	 0.054902	 0.709804	 0.874510	 1.000000
638	208	1	 3738	 1673	 214	 2199	 0.000000	-1.293225	-0.854280	 0.001000	 1.000000	 0.054902	 0.709804	 0.874510	 1.000000
639	206	1	 4050	-606	 266	 2194	 0.000000	-1.285037	-0.852413	 0.001000	 1.000000	 0.054902	 0.709804	 0.874510	 1.000000
640	207	1	 1735	-3709	 226	 2195	 0.000000	-1.291758	-0.851700	 0.001000	 1.000000	 0.054902	 0.709804	 0.874510	 1.000000
641	208	1	 3738	 1673	 214	 2199	 0.000000	-1.293225	-0.854280	 0.001000	 1.000000	 0.054902	 0.709804	 0.874510	 1.000000
642	208	1	 3738	 1673	 214	 2199	 0.000000	-1.293225	-0.854280	 0.001000	 1.000000	 0.054902	 0.709804	 0.874510	 1.000000
643	209	1	 1042	 3961	 168	 2202	 0.000000	-1.300961	-0.855681	 0.001000	 1.000000	 0.054902	 0.709804	 0.874510	 1.000000
644	210	1	 3259	 2480	 139	 2216	 0.000000	-1.305041	-0.858511	 0.001000	 1.000000	 0.054902	 0.709804	 0.874510	 1.000000
645	206	1	 4050	-606	 266	 2194	 0.000000	-1.285037	-0.852413	 0.001000	 1.000000	 0.054902	 0.709804	 0.874510	 1.000000
646	208	1	 3738	 1673	 214	 2199	 0.000000	-1.293225	-0.854280	 0.001000	 1.000000	 0.054902	 0.709804	 0.874510	 1.000000
647	210	1	 3259	 2480	 139	 2216	 0.000000	-1.305041	-0.858511	 0.001000	 1.000000	 0.054902	 0.709804	 0.874510	 1.000000
648	206	1	 4050	-606	 266	 2194	 0.000000	-1.285037	-0.852413	 0.001000	 1.000000	 0.054902	 0.709804	 0.874510	 1.000000
649	210	1	 3259	 2480	 139	 2216	 0.000000	-1.305041	-0.858511	 0.001000	 1.000000	 0.054902	 0.709804	 0.874510	 1.000000
650	211	1	 2988	 2800	 155	 2225	 0.000000	-1.302596	-0.860718	 0.001000	 1.000000	 0.054902	 0.709804	 0.874510	 1.000000
651	211	1	 2988	 2800	 155	 2225	 0.000000	-1.302596	-0.860718	 0.001000	 1.000000	 0.054902	 0.709804	 0.874510	 1.000000
652	210	1	 3259	 2480	 139	 2216	 0.000000	-1.305041	-0.858511	 0.001000	 1.000000	 0.054902	 0.709804	 0.874510	 1.000000
653	212	1	 3344	-2364	 151	 2244	 0.000000	-1.303149	-0.863595	 0.001000	 1.000000	 0.054902	 0.709804	 0.874510	 1.000000
654	212	1	 3344	-2364	 151	 2244	 0.000000	-1.303149	-0.863595	 0.001000	 1.000000	 0.054902	 0.709804	 0.874510	 1.000000
655	210	1	 3259	 2480	 139	 2216	 0.000000	-1.305041	-0.858511	 0.001000	 1.000000	 0.054902	 0.709804	 0.874510	 1.000000
656	214	1	 3322	-2394	 131	 2260	 0.000000	-1.306278	-0.867336	 0.001000	 1.000000	 0.054902	 0.709804	 0.874510	 1.000000
657	213	1	 2356	-3350	 181	 2248	 0.000000	-1.298663	-0.864232	 0.001000	 1.000000	 0.054902	 0.709804	 0.874510	 1.000000
658	212	1	 3344	-2364	 151	 2244	 0.000000	-1.303149	-0.863595	 0.001000	 1.000000	 0.054902	 0.709804	 0.874510	 1.000000
659	214	1	 3322	-2394	 131	 2260	 0.000000	-1.306278	-0.867336	 0.001000	 1.000000	 0.054902	 0.709804	 0.874510	 1.000000
660	213	1	 2356	-3350	 181	 2248	 0.000000	-1.298663	-0.864232	 0.001000	 1.000000	 0.054902	 0.709804	 0.874510	 1.000000
661	214	1	 3322	-2394	 131	 2260	 0.000000	-1.306278	-0.867336	 0.001000	 1.000000	 0.054902	 0.709804	 0.874510	 1.000000
662	215	1	 3833	-1443	 166	 2265	 0.000000	-1.300706	-0.868798	 0.001000	 1.000000	 0.054902	 0.709804	 0.874510	 1.000000
663	213	1	 2356	-3350	 181	 2248	 0.000000	-1.298663	-0.864232	 0.001000	 1.000000	 0.054902	 0.709804	 0.874510	 1.000000
664	215	1	 3833	-1443	 166	 2265	 0.000000	-1.300706	-0.868798	 0.001000	 1.000000	 0.054902	 0.709804	 0.874510	 1.000000
665	216	1	 3926	 1165	 196	 2277	 0.000000	-1.295999	-0.872406	 0.001000	 1.000000	 0.054902	 0.709804	 0.874510	 1.000000
666	216	1	 3926	 1165	 196	 2277	 0.000000	-1.295999	-0.872406	 0.001000	 1.000000	 0.054902	 0.709804	 0.874510	 1.000000
667	215	1	 3833	-1443	 166	 2265	 0.000000	-1.300706	-0.868798	 0.001000	 1.000000	 0.054902	 0.709804	 0.874510	 1.000000
668	217	1	 3906	 1232	 159	 2298	 0.000000	-1.301785	-0.877349	 0.001000	 1.000000	 0.054902	 0.709804	 0.874510	 1.000000
669	217	1	 3906	 1232	 159	 2298	 0.000000	-1.301785	-0.877349	 0.001000	 1.000000	 0.054902	 0.709804	 0.874510	 1.000000
670	215	1	 3833	-1443	 166	 2265	 0.000000	-1.300706	-0.868798	 0.001000	 1.000000	 0.054902	 0.709804	 0.874510	 1.000000
671	218	1	 4058	 555	 136	 2300	 0.000000	-1.305347	-0.877611	 0.001000	 1.000000	 0.054902	 0.709804	 0.874510	 1.000000
672	217	1	 3906	 1232	 159	 2298	 0.000000	-1.301785	-0.877349	 0.001000	 1.000000	 0.054902	 0.709804	 0.874510	 1.000000
673	218	1	 4058	 555	 136	 2300	 0.000000	-1.305347	-0.877611	 0.001000	 1.000000	 0.054902	 0.709804	 0.874510	 1.000000
674	219	1	 4091	 199	 157	 2345	 0.000000	-1.302060	-0.888049	 0.001000	 1.000000	 0.054902	 0.709804	 0.874510	 1.000000
675	217	1	 3906	 1232	 159	 2298	 0.000000	-1.301785	-0.877349	 0.001000	 1.000000	 0.054902	 0.709804	 0.874510	 1.000000
676	219	1	 4091	 199	 157	 2345	 0.000000	-1.302060	-0.888049	 0.001000	 1.000000	 0.054902	 0.709804	 0.874510	 1.000000
677	220	1	 3983	 951	 187	 2357	 0.000000	-1.297394	-0.891091	 0.001000	 1.000000	 0.054902	 0.709804	 0.874510	 1.000000
678	220	1	 3983	 951	 187	 2357	 0.000000	-1.297394	-0.891091	 0.001000	 1.000000	 0.054902	 0.709804	 0.874510	 1.000000
679	219	1	 4091	 199	 157	 2345	 0.000000	-1.302060	-0.888049	 0.001000	 1.000000	 0.054902	 0.709804	 0.874510	 1.000000
680	221	1	 3409	 2270	 156	 2381	 0.000000	-1.302355	-0.897119	 0.001000	 1.000000	 0.054902	 0.709804	 0.874510	 1.000000
681	221	1	 3409	 2270	 156	 2381	 0.000000	-1.302355	-0.897119	 0.001000	 1.000000	 0.054902	 0.709804	 0.874510	 1.000000
682	219	1	 4091	 199	 157	 2345	 0.000000	-1.302060	-0.888049	 0.001000	 1.000000	 0.054902	 0.709804	 0.874510	 1.000000
683	222	1	 4073	-426	 149	 2407	 0.000000	-1.303313	-0.902390	 0.001000	 1.000000	 0.054902	 0.709804	 0.874510	 1.000000
684	222	1	 4073	-426	 149	 2407	 0.000000	-1.303313	-0.902390	 0.001000	 1.000000	 0.054902	 0.709804	 0.874510	 1.000000
685	219	1	 4091	 199	 157	 2345	 0.000000	-1.302060	-0.888049	 0.001000	 1.000000	 0.054902	 0.709804	 0.874510	 1.000000
686	223	1	 4095	-87	 115	 2416	 0.000000	-1.308621	-0.904602	 0.001000	 1.000000	 0.054902	 0.709804	 0.874510	 1.000000
687	222	1	 4073	-426	 149	 2407	 0.000000	-1.303313	-0.902390	 0.001000	 1.000000	 0.054902	 0.709804	 0.874510	 1.000000
688	223	1	 4095	-87	 115	 2416	 0.000000	-1.308621	-0.904602	 0.001000	 1.000000	 0.054902	 0.709804	 0.874510	 1.000000
689	226	1	 2761	-3024	 175	 2458	 0.000000	-1.299518	-0.913550	 0.001000	 1.000000	 0.054902	 0.709804	 0.874510	 1.000000
690	226	1	 2761	-3024	 175	 2458	 0.000000	-1.299518	-0.913550	 0.001000	 1.000000	 0.054902	 0.709804	 0.874510	 1.000000
691	223	1	 4095	-87	 115	 2416	 0.000000	-1.308621	-0.904602	 0.001000	 1.000000	 0.054902	 0.709804	 0.874510	 1.000000
692	228	1	 2044	-3549	 156	 2479	 0.000000	-1.302632	-0.918311	 0.001000	 1.000000	 0.054902	 0.709804	 0.874510	 1.000000
693	227	1	-1455	-3828	 185	 2462	 0.000000	-1.298813	-0.914242	 0.001000	 1.000000	 0.054902	 0.709804	 0.874510	 1.000000
694	226	1	 2761	-3024	 175	 2458	 0.000000	-1.299518	-0.913550	 0.001000	 1.000000	 0.054902	 0.709804	 0.874510	 1.000000
695	228	1	 2044	-3549	 156	 2479	 0.000000	-1.302632	-0.918311	 0.001000	 1.000000	 0.054902	 0.709804	 0.874510	 1.000000
696	238	1	-1960	 3596	 120	 2626	 0.000000	-1.309072	-0.954945	 0.001000	 1.000000	 0.054902	 0.709804	 0.874510	 1.000000
697	236	1	 289	 4085	 112	 2598	 0.000000	-1.309864	-0.948532	 0.001000	 1.000000	 0.054902	 0.709804	 0.874510	 1.000000
698	239	1	 3093	 2684	 108	 2627	 0.000000	-1.309919	-0.954901	 0.001000	 1.000000	 0.054902	 0.709804	 0.874510	 1.000000
699	244	1	-1120	 3939	 150	 2651	 0.000000	-1.304213	-0.960909	 0.001000	 1.000000	 0.054902	 0.709804	 0.874510	 1.000000
700	245	1	-421	 4074	 123	 2660	 0.000000	-1.308290	-0.963060	 0.001000	 1.000000	 0.054902	 0.709804	 0.874510	 1.000000
701	246	1	-4014	 813	 160	 2663	 0.000000	-1.303240	-0.962768	 0.001000	 1.000000	 0.054902	 0.709804	 0.874510	 1.000000
702	225	1	 3158	-2608	 214	 2452	 0.000000	-1.293343	-0.912270	 0.001000	 1.000000	 0.054902	 0.709804	 0.874510	 1.000000
703	224	1	-1254	-3899	 195	 2442	 0.000000	-1.297210	-0.909533	 0.001000	 1.000000	 0.054902	 0.709804	 0.874510	 1.000000
704	227	1	-1455	-3828	 185	 2462	 0.000000	-1.298813	-0.914242	 0.001000	 1.000000	 0.054902	 0.709804	 0.874510	 1.000000
705	227	1	-1455	-3828	 185	 2462	 0.000000	-1.298813	-0.914242	 0.001000	 1.000000	 0.054902	 0.709804	 0.874510	 1.000000
706	228	1	 2044	-3549	 156	 2479	 0.000000	-1.302632	-0.918311	 0.001000	 1.000000	 0.054902	 0.709804	 0.874510	 1.000000
707	229	1	 2664	-3110	 195	 2481	 0.000000	-1.296412	-0.918914	 0.001000	 1.000000	 0.054902	 0.709804	 0.874510	 1.000000
708	225	1	 3158	-2608	 214	 2452	 0.000000	-1.293343	-0.912270	 0.001000	 1.000000	 0.054902	 0.709804	 0.874510	 1.000000
709	227	1	-1455	-3828	 185	 2462	 0.000000	-1.298813	-0.914242	 0.001000	 1.000000	 0.054902	 0.709804	 0.874510	 1.000000
710	229	1	 2664	-3110	 195	 2481	 0.000000	-1.296412	-0.918914	 0.001000	 1.000000	 0.054902	 0.709804	 0.874510	 1.000000
711	225	1	 3158	-2608	 214	 2452	 0.000000	-1.293343	-0.912270	 0.001000	 1.000000	 0.054902	 0.709804	 0.874510	 1.000000
712	229	1	 2664	-3110	 195	 2481	 0.000000	-1.296412	-0.918914	 0.001000	 1.000000	 0.054902	 0.709804	 0.874510	 1.000000
713	230	1	 4077	-392	 234	 2518	 0.000000	-1.290031	-0.928416	 0.001000	 1.000000	 0.054902	 0.709804	 0.874510	 1.000000
714	230	1	 4077	-392	 234	 2518	 0.000000	-1.290031	-0.928416	 0.001000	 1.000000	 0.054902	 0.709804	 0.874510	 1.000000
715	229	1	 2664	-3110	 195	 2481	 0.000000	-1.296412	-0.918914	 0.001000	 1.000000	 0.054902	 0.709804	 0.874510	 1.000000
716	231	1	 3958	 1051	 205	 2529	 0.000000	-1.294587	-0.931434	 0.001000	 1.000000	 0.054902	 0.709804	 0.874510	 1.000000
717	232	1	 3869	 1344	 230	 2557	 0.000000	-1.290698	-0.938086	 0.001000	 1.000000	 0.054902	 0.709804	 0.874510	 1.000000
718	230	1	 4077	-392	 234	 2518	 0.000000	-1.290031	-0.928416	 0.001000	 1.000000	 0.054902	 0.709804	 0.874510	 1.000000
719	233	1	 2371	 3339	 216	 2579	 0.000000	-1.293191	-0.943851	 0.001000	 1.000000	 0.054902	 0.709804	 0.874510	 1.000000
720	230	1	 4077	-392	 234	 2518	 0.000000	-1.290031	-0.928416	 0.001000	 1.000000	 0.054902	 0.709804	 0.874510	 1.000000
721	231	1	 3958	 1051	 205	 2529	 0.000000	-1.294587	-0.931434	 0.001000	 1.000000	 0.054902	 0.709804	 0.874510	 1.000000
722	233	1	 2371	 3339	 216	 2579	 0.000000	-1.293191	-0.943851	 0.001000	 1.000000	 0.054902	 0.709804	 0.874510	 1.000000
723	233	1	 2371	 3339	 216	 2579	 0.000000	-1.293191	-0.943851	 0.001000	 1.000000	 0.054902	 0.709804	 0.874510	 1.000000
724	231	1	 3958	 1051	 205	 2529	 0.000000	-1.294587	-0.931434	 0.001000	 1.000000	 0.054902	 0.709804	 0.874510	 1.000000
725	234	1	 2705	 3075	 182	 2587	 0.000000	-1.298435	-0.945645	 0.001000	 1.000000	 0.054902	 0.709804	 0.874510	 1.000000
726	234	1	 2705	 3075	 182	 2587	 0.000000	-1.298435	-0.945645	 0.001000	 1.000000	 0.054902	 0.709804	 0.874510	 1.000000
727	231	1	 3958	 1051	 205	 2529	 0.000000	-1.294587	-0.931434	 0.001000	 1.000000	 0.054902	 0.709804	 0.874510	 1.000000
728	235	1	 3882	 1303	 151	 2590	 0.000000	-1.303040	-0.945808	 0.001000	 1.000000	 0.054902	 0.709804	 0.874510	 1.000000
729	234	1	 2705	 3075	 182	 2587	 0.000000	-1.298435	-0.945645	 0.001000	 1.000000	 0.054902	 0.709804	 0.874510	 1.000000
730	235	1	 3882	 1303	 151	 2590	 0.000000	-1.303040	-0.945808	 0.001000	 1.000000	 0.054902	 0.709804	 0.874510	 1.000000
731	237	1	 3380	 2312	 153	 2616	 0.000000	-1.302829	-0.952209	 0.001000	 1.000000	 0.054902	 0.709804	 0.874510	 1.000000
732	234	1	 2705	 3075	 182	 2587	 0.000000	-1.298435	-0.945645	 0.001000	 1.000000	 0.054902	 0.709804	 0.874510	 1.000000
733	237	1	 3380	 2312	 153	 2616	 0.000000	-1.302829	-0.952209	 0.001000	 1.000000	 0.054902	 0.709804	 0.874510	 1.000000
734	240	1	 2768	 3018	 167	 2627	 0.000000	-1.300766	-0.955003	 0.001000	 1.000000	 0.054902	 0.709804	 0.874510	 1.000000
735	237	1	 3380	 2312	 153	 2616	 0.000000	-1.302829	-0.952209	 0.001000	 1.000000	 0.054902	 0.709804	 0.874510	 1.000000
736	238	1	-1960	 3596	 120	 2626	 0.000000	-1.309072	-0.954945	 0.001000	 1.000000	 0.054902	 0.709804	 0.874510	 1.000000
737	240	1	 2768	 3018	 167	 2627	 0.000000	-1.300766	-0.955003	 0.001000	 1.000000	 0.054902	 0.709804	 0.874510	 1.000000
738	238	1	-1960	 3596	 120	 2626	 0.000000	-1.309072	-0.954945	 0.001000	 1.000000	 0.054902	 0.709804	 0.874510	 1.000000
739	239	1	 3093	 2684	 108	 2627	 0.000000	-1.309919	-0.954901	 0.001000	 1.000000	 0.054902	 0.709804	 0.874510	 1.000000
740	240	1	 2768	 3018	 167	 2627	 0.000000	-1.300766	-0.955003	 0.001000	 1.000000	 0.054902	 0.709804	 0.874510	 1.000000
741	240	1	 2768	 3018	 167	 2627	 0.000000	-1.300766	-0.955003	 0.001000	 1.000000	 0.054902	 0.709804	 0.874510	 1.000000
742	239	1	 3093	 2684	 108	 2627	 0.000000	-1.309919	-0.954901	 0.001000	 1.000000	 0.054902	 0.709804	 0.874510	 1.000000
743	241	1	 3011	 2776	 87	 2633	 0.000000	-1.313217	-0.956335	 0.001000	 1.000000	 0.054902	 0.709804	 0.874510	 1.000000
744	240	1	 2768	 3018	 167	 2627	 0.000000	-1.300766	-0.955003	 0.001000	 1.000000	 0.054902	 0.709804	 0.874510	 1.000000
745	241	1	 3011	 2776	 87	 2633	 0.000000	-1.313217	-0.956335	 0.001000	 1.000000	 0.054902	 0.709804	 0.874510	 1.000000
746	242	1	 4062	 522	 99	 2646	 0.000000	-1.311128	-0.958694	 0.001000	 1.000000	 0.054902	 0.709804	 0.874510	 1.000000
747	242	1	 4062	 522	 99	 2646	 0.000000	-1.311128	-0.958694	 0.001000	 1.000000	 0.054902	 0.709804	 0.874510	 1.000000
748	241	1	 3011	 2776	 87	 2633	 0.000000	-1.313217	-0.956335	 0.001000	 1.000000	 0.054902	 0.709804	 0.874510	 1.000000
749	243	1	 3932	-1145	 84	 2648	 0.000000	-1.313498	-0.958654	 0.001000	 1.000000	 0.054902	 0.709804	 0.874510	 1.000000
750	242	1	 4062	 522	 99	 2646	 0.000000	-1.311128	-0.958694	 0.001000	 1.000000	 0.054902	 0.709804	 0.874510	 1.000000
751	243	1	 3932	-1145	 84	 2648	 0.000000	-1.313498	-0.958654	 0.001000	 1.000000	 0.054902	 0.709804	 0.874510	 1.000000
752	245	1	-421	 4074	 123	 2660	 0.000000	-1.308290	-0.963060	 0.001000	 1.000000	 0.054902	 0.709804	 0.874510	 1.000000
753	245	1	-421	 4074	 123	 2660	 0.000000	-1.308290	-0.963060	 0.001000	 1.000000	 0.054902	 0.709804	 0.874510	 1.000000
754	243	1	 3932	-1145	 84	 2648	 0.000000	-1.313498	-0.958654	 0.001000	 1.000000	 0.054902	 0.709804	 0.874510	 1.000000
755	247	1	 1720	-3716	 107	 2672	 0.000000	-1.310354	-0.963495	 0.001000	 1.000000	 0.054902	 0.709804	 0.874510	 1.000000
756	246	1	-4014	 813	 160	 2663	 0.000000	-1.303240	-0.962768	 0.001000	 1.000000	 0.054902	 0.709804	 0.874510	 1.000000
757	245	1	-421	 4074	 123	 2660	 0.000000	-1.308290	-0.963060	 0.001000	 1.000000	 0.054902	 0.709804	 0.874510	 1.000000
758	247	1	 1720	-3716	 107	 2672	 0.000000	-1.310354	-0.963495	 0.001000	 1.000000	 0.054902	 0.709804	 0.874510	 1.000000
759	246	1	-4014	 813	 160	 2663	 0.000000	-1.303240	-0.962768	 0.001000	 1.000000	 0.054902	 0.709804	 0.874510	 1.000000
760	247	1	 1720	-3716	 107	 2672	 0.000000	-1.310354	-0.963495	 0.001000	 1.000000	 0.054902	 0.709804	 0.874510	 1.000000
761	248	1	 3303	-2421	 140	 2674	 0.000000	-1.304876	-0.964359	 0.001000	 1.000000	 0.054902	 0.709804	 0.874510	 1.000000
762	246	1	-4014	 813	 160	 2663	 0.000000	-1.303240	-0.962768	 0.001000	 1.000000	 0.054902	 0.709804	 0.874510	 1.000000
763	248	1	 3303	-2421	 140	 2674	 0.000000	-1.304876	-0.964359	 0.001000	 1.000000	 0.054902	 0.709804	 0.874510	 1.000000
764	249	1	 3564	 2018	 131	 2710	 0.000000	-1.306229	-0.974151	 0.001000	 1.000000	 0.054902	 0.709804	 0.874510	 1.000000
765	246	1	-4014	 813	 160	 2663	 0.000000	-1.303240	-0.962768	 0.001000	 1.000000	 0.054902	 0.709804	 0.874510	 1.000000
766	249	1	 3564	 2018	 131	 2710	 0.000000	-1.306229	-0.974151	 0.001000	 1.000000	 0.054902	 0.709804	 0.874510	 1.000000
767	250	1	-3459	-2193	 143	 2719	 0.000000	-1.305783	-0.974975	 0.001000	 1.000000	 0.054902	 0.709804	 0.874510	 1.000000
768	250	1	-3459	-2193	 143	 2719	 0.000000	-1.305783	-0.974975	 0.001000	 1.000000	 0.054902	 0.709804	 0.874510	 1.000000
769	249	1	 3564	 2018	 131	 2710	 0.000000	-1.306229	-0.974151	 0.001000	 1.000000	 0.054902	 0.709804	 0.874510	 1.000000
770	251	1	 4094	-107	 112	 2729	 0.000000	-1.309090	-0.977956	 0.001000	 1.000000	 0.054902	 0.709804	 0.874510	 1.000000
771	250	1	-3459	-2193	 143	 2719	 0.000000	-1.305783	-0.974975	 0.001000	 1.000000	 0.054902	 0.709804	 0.874510	 1.000000
772	251	1	 4094	-107	 112	 2729	 0.000000	-1.309090	-0.977956	 0.001000	 1.000000	 0.054902	 0.709804	 0.874510	 1.000000
773	252	1	-5	-4095	 122	 2738	 0.000000	-1.308362	-0.978848	 0.001000	 1.000000	 0.054902	 0.709804	 0.874510	 1.000000
774	255	1	-2896	-2896	 3858	 3816	 0.000000	-0.725200	-1.231870	 0.001000	 1.000000	 0.054902	 0.709804	 0.874510	 1.000000
775	257	1	 1567	 3784	 3856	 3819	 0.000000	-0.724604	-1.234612	 0.001000	 1.000000	 0.054902	 0.709804	 0.874510	 1.000000
776	258	1	-3322	 2394	 3857	 3819	 0.000000	-0.725443	-1.234188	 0.001000	 1.000000	 0.054902	 0.709804	 0.874510	 1.000000
777	255	1	-2896	-2896	 3858	 3816	 0.000000	-0.725200	-1.231870	 0.001000	 1.000000	 0.054902	 0.709804	 0.874510	 1.000000
778	258	1	-3322	 2394	 3857	 3819	 0.000000	-0.725443	-1.234188	 0.001000	 1.000000	 0.054902	 0.709804	 0.874510	 1.000000
779	259	1	 2165	-3476	 3858	 3819	 0.000000	-0.724170	-1.232396	 0.001000	 1.000000	 0.054902	 0.709804	 0.874510	 1.000000
780	260	1	 2896	 2896	 3860	 3819	 0.000000	-0.723709	-1.234341	 0.001000	 1.000000	 0.054902	 0.709804	 0.874510	 1.000000
781	259	1	 2165	-3476	 3858	 3819	 0.000000	-0.724170	-1.232396	 0.001000	 1.000000	 0.054902	 0.709804	 0.874510	 1.000000
782	261	1	 3784	 1567	 3894	 3820	 0.000000	-0.718216	-1.234170	 0.001000	 1.000000	 0.054902	 0.709804	 0.874510	 1.000000
783	259	1	 2165	-3476	 3858	 3819	 0.000000	-0.724170	-1.232396	 0.001000	 1.000000	 0.054902	 0.709804	 0.874510	 1.000000
784	258	1	-3322	 2394	 3857	 3819	 0.000000	-0.725443	-1.234188	 0.001000	 1.000000	 0.054902	 0.709804	 0.874510	 1.000000
785	261	1	 3784	 1567	 3894	 3820	 0.000000	-0.718216	-1.234170	 0.001000	 1.000000	 0.054902	 0.709804	 0.874510	 1.000000
786	261	1	 3784	 1567	 3894	 3820	 0.000000	-0.718216	-1.234170	 0.001000	 1.000000	 0.054902	 0.709804	 0.874510	 1.000000
787	258	1	-3322	 2394	 3857	 3819	 0.000000	-0.725443	-1.234188	 0.001000	 1.000000	 0.054902	 0.709804	 0.874510	 1.000000
788	268	1	 1567	 3784	 3856	 3822	 0.000000	-0.724604	-1.235315	 0.001000	 1.000000	 0.054902	 0.709804	 0.874510	 1.000000
789	261	1	 3784	 1567	 3894	 3820	 0.000000	-0.718216	-1.234170	 0.001000	 1.000000	 0.054902	 0.709804	 0.874510	 1.000000
790	268	1	 1567	 3784	 3856	 3822	 0.000000	-0.724604	-1.235315	 0.001000	 1.000000	 0.054902	 0.709804	 0.874510	 1.000000
791	269	1	 3784	-1567	 3893	 3823	 0.000000	-0.718372	-1.233916	 0.001000	 1.000000	 0.054902	 0.709804	 0.874510	 1.000000
792	262	1	 1522	-3802	 3896	 3820	 0.000000	-0.718363	-1.232531	 0.001000	 1.000000	 0.054902	 0.709804	 0.874510	 1.000000
793	261	1	 3784	 1567	 3894	 3820	 0.000000	-0.718216	-1.234170	 0.001000	 1.000000	 0.054902	 0.709804	 0.874510	 1.000000
794	266	1	 3784	-1567	 3895	 3821	 0.000000	-0.718059	-1.233448	 0.001000	 1.000000	 0.054902	 0.709804	 0.874510	 1.000000
795	262	1	 1522	-3802	 3896	 3820	 0.000000	-0.718363	-1.232531	 0.001000	 1.000000	 0.054902	 0.709804	 0.874510	 1.000000
796	266	1	 3784	-1567	 3895	 3821	 0.000000	-0.718059	-1.233448	 0.001000	 1.000000	 0.054902	 0.709804	 0.874510	 1.000000
797	270	1	 941	-3986	 3896	 3823	 0.000000	-0.718482	-1.233178	 0.001000	 1.000000	 0.054902	 0.709804	 0.874510	 1.000000
798	270	1	 941	-3986	 3896	 3823	 0.000000	-0.718482	-1.233178	 0.001000	 1.000000	 0.054902	 0.709804	 0.874510	 1.000000
799	266	1	 3784	-1567	 3895	 3821	 0.000000	-0.718059	-1.233448	 0.001000	 1.000000	 0.054902	 0.709804	 0.874510	 1.000000
800	271	1	 2153	 3484	 3895	 3824	 0.000000	-0.718391	-1.235692	 0.001000	 1.000000	 0.054902	 0.709804	 0.874510	 1.000000
801	254	1	 3673	-1812	 3917	 3790	 0.000000	-0.714645	-1.226107	 0.001000	 1.000000	 0.054902	 0.709804	 0.874510	 1.000000
802	253	1	-1280	-3890	 3887	 3790	 0.000000	-0.720340	-1.225473	 0.001000	 1.000000	 0.054902	 0.709804	 0.874510	 1.000000
803	255	1	-2896	-2896	 3858	 3816	 0.000000	-0.725200	-1.231870	 0.001000	 1.000000	 0.054902	 0.709804	 0.874510	 1.000000
804	255	1	-2896	-2896	 3858	 3816	 0.000000	-0.725200	-1.231870	 0.001000	 1.000000	 0.054902	 0.709804	 0.874510	 1.000000
805	253	1	-1280	-3890	 3887	 3790	 0.000000	-0.720340	-1.225473	 0.001000	 1.000000	 0.054902	 0.709804	 0.874510	 1.000000
806	264	1	-4094	 97	 3845	 3821	 0.000000	-0.727475	-1.233955	 0.001000	 1.000000	 0.054902	 0.709804	 0.874510	 1.000000
807	257	1	 1567	 3784	 3856	 3819	 0.000000	-0.724604	-1.234612	 0.001000	 1.000000	 0.054902	 0.709804	 0.874510	 1.000000
808	255	1	-2896	-2896	 3858	 3816	 0.000000	-0.725200	-1.231870	 0.001000	 1.000000	 0.054902	 0.709804	 0.874510	 1.000000
809	264	1	-4094	 97	 3845	 3821	 0.000000	-0.727475	-1.233955	 0.001000	 1.000000	 0.054902	 0.709804	 0.874510	 1.000000
810	257	1	 1567	 3784	 3856	 3819	 0.000000	-0.724604	-1.234612	 0.001000	 1.000000	 0.054902	 0.709804	 0.874510	 1.000000
811	264	1	-4094	 97	 3845	 3821	 0.000000	-0.727475	-1.233955	 0.001000	 1.000000	 0.054902	 0.709804	 0.874510	 1.000000
812	265	1	-3322	 2394	 3854	 3821	 0.000000	-0.725911	-1.234656	 0.001000	 1.000000	 0.054902	 0.709804	 0.874510	 1.000000
813	265	1	-3322	 2394	 3854	 3821	 0.000000	-0.725911	-1.234656	 0.001000	 1.000000	 0.054902	 0.709804	 0.874510	 1.000000
814	264	1	-4094	 97	 3845	 3821	 0.000000	-0.727475	-1.233955	 0.001000	 1.000000	 0.054902	 0.709804	 0.874510	 1.000000
815	268	1	 1567	 3784	 3856	 3822	 0.000000	-0.724604	-1.235315	 0.001000	 1.000000	 0.054902	 0.709804	 0.874510	 1.000000
816	269	1	 3784	-1567	 3893	 3823	 0.000000	-0.718372	-1.233916	 0.001000	 1.000000	 0.054902	 0.709804	 0.874510	 1.000000
817	268	1	 1567	 3784	 3856	 3822	 0.000000	-0.724604	-1.235315	 0.001000	 1.000000	 0.054902	 0.709804	 0.874510	 1.000000
818	271	1	 2153	 3484	 3895	 3824	 0.000000	-0.718391	-1.235692	 0.001000	 1.000000	 0.054902	 0.709804	 0.874510	 1.000000
819	268	1	 1567	 3784	 3856	 3822	 0.000000	-0.724604	-1.235315	 0.001000	 1.000000	 0.054902	 0.709804	 0.874510	 1.000000
820	264	1	-4094	 97	 3845	 3821	 0.000000	-0.727475	-1.233955	 0.001000	 1.000000	 0.054902	 0.709804	 0.874510	 1.000000
821	272	1	-185	 4091	 3872	 3839	 0.000000	-0.722461	-1.239393	 0.001000	 1.000000	 0.054902	 0.709804	 0.874510	 1.000000
822	271	1	 2153	 3484	 3895	 3824	 0.000000	-0.718391	-1.235692	 0.001000	 1.000000	 0.054902	 0.709804	 0.874510	 1.000000
823	268	1	 1567	 3784	 3856	 3822	 0.000000	-0.724604	-1.235315	 0.001000	 1.000000	 0.054902	 0.709804	 0.874510	 1.000000
824	272	1	-185	 4091	 3872	 3839	 0.000000	-0.722461	-1.239393	 0.001000	 1.000000	 0.054902	 0.709804	 0.874510	 1.000000
825	254	1	 3673	-1812	 3917	 3790	 0.000000	-0.714645	-1.226107	 0.001000	 1.000000	 0.054902	 0.709804	 0.874510	 1.000000
826	255	1	-2896	-2896	 3858	 3816	 0.000000	-0.725200	-1.231870	 0.001000	 1.000000	 0.054902	 0.709804	 0.874510	 1.000000
827	256	1	 2896	-2896	 3860	 3816	 0.000000	-0.723709	-1.231870	 0.001000	 1.000000	 0.054902	 0.709804	 0.874510	 1.000000
828	254	1	 3673	-1812	 3917	 3790	 0.000000	-0.714645	-1.226107	 0.001000	 1.000000	 0.054902	 0.709804	 0.874510	 1.000000
829	256	1	 2896	-2896	 3860	 3816	 0.000000	-0.723709	-1.231870	 0.001000	 1.000000	 0.054902	 0.709804	 0.874510	 1.000000
830	260	1	 2896	 2896	 3860	 3819	 0.000000	-0.723709	-1.234341	 0.001000	 1.000000	 0.054902	 0.709804	 0.874510	 1.000000
831	254	1	 3673	-1812	 3917	 3790	 0.000000	-0.714645	-1.226107	 0.001000	 1.000000	 0.054902	 0.709804	 0.874510	 1.000000
832	260	1	 2896	 2896	 3860	 3819	 0.000000	-0.723709	-1.234341	 0.001000	 1.000000	 0.054902	 0.709804	 0.874510	 1.000000
833	261	1	 3784	 1567	 3894	 3820	 0.000000	-0.718216	-1.234170	 0.001000	 1.000000	 0.054902	 0.709804	 0.874510	 1.000000
834	254	1	 3673	-1812	 3917	 3790	 0.000000	-0.714645	-1.226107	 0.001000	 1.000000	 0.054902	 0.709804	 0.874510	 1.000000
835	261	1	 3784	 1567	 3894	 3820	 0.000000	-0.718216	-1.234170	 0.001000	 1.000000	 0.054902	 0.709804	 0.874510	 1.000000
836	262	1	 1522	-3802	 3896	 3820	 0.000000	-0.718363	-1.232531	 0.001000	 1.000000	 0.054902	 0.709804	 0.874510	 1.000000
837	254	1	 3673	-1812	 3917	 3790	 0.000000	-0.714645	-1.226107	 0.001000	 1.000000	 0.054902	 0.709804	 0.874510	 1.000000
838	262	1	 1522	-3802	 3896	 3820	 0.000000	-0.718363	-1.232531	 0.001000	 1.000000	 0.054902	 0.709804	 0.874510	 1.000000
839	263	1	 3139	 2631	 3907	 3820	 0.000000	-0.716316	-1.234494	 0.001000	 1.000000	 0.054902	 0.709804	 0.874510	 1.000000
840	263	1	 3139	 2631	 3907	 3820	 0.000000	-0.716316	-1.234494	 0.001000	 1.000000	 0.054902	 0.709804	 0.874510	 1.000000
841	262	1	 1522	-3802	 3896	 3820	 0.000000	-0.718363	-1.232531	 0.001000	 1.000000	 0.054902	 0.709804	 0.874510	 1.000000
842	267	1	 4043	-656	 3897	 3821	 0.000000	-0.717694	-1.233726	 0.001000	 1.000000	 0.054902	 0.709804	 0.874510	 1.000000
843	263	1	 3139	 2631	 3907	 3820	 0.000000	-0.716316	-1.234494	 0.001000	 1.000000	 0.054902	 0.709804	 0.874510	 1.000000
844	267	1	 4043	-656	 3897	 3821	 0.000000	-0.717694	-1.233726	 0.001000	 1.000000	 0.054902	 0.709804	 0.874510	 1.000000
845	270	1	 941	-3986	 3896	 3823	 0.000000	-0.718482	-1.233178	 0.001000	 1.000000	 0.054902	 0.709804	 0.874510	 1.000000
846	263	1	 3139	 2631	 3907	 3820	 0.000000	-0.716316	-1.234494	 0.001000	 1.000000	 0.054902	 0.709804	 0.874510	 1.000000
847	270	1	 941	-3986	 3896	 3823	 0.000000	-0.718482	-1.233178	 0.001000	 1.000000	 0.054902	 0.709804	 0.874510	 1.000000
848	271	1	 2153	 3484	 3895	 3824	 0.000000	-0.718391	-1.235692	 0.001000	 1.000000	 0.054902	 0.709804	 0.874510	 1.000000
849	263	1	 3139	 2631	 3907	 3820	 0.000000	-0.716316	-1.234494	 0.001000	 1.000000	 0.054902	 0.709804	 0.874510	 1.000000
850	271	1	 2153	 3484	 3895	 3824	 0.000000	-0.718391	-1.235692	 0.001000	 1.000000	 0.054902	 0.709804	 0.874510	 1.000000
851	272	1	-185	 4091	 3872	 3839	 0.000000	-0.722461	-1.239393	 0.001000	 1.000000	 0.054902	 0.709804	 0.874510	 1.000000
852	273	1	 0	 0	 1873	 1116	 0.000000	-1.034767	-0.599941	 0.001000	 1.000000	 0.054902	 0.709804	 0.874510	 1.000000
853	274	1	-3276	-2458	 1855	 1128	 0.000000	-1.038246	-0.602004	 0.001000	 1.000000	 0.054902	 0.709804	 0.874510	 1.000000
854	275	1	 3801	 1525	 1879	 1161	 0.000000	-1.033056	-0.610954	 0.001000	 1.000000	 0.054902	 0.709804	 0.874510	 1.000000
855	275	1	 3801	 1525	 1879	 1161	 0.000000	-1.033056	-0.610954	 0.001000	 1.000000	 0.054902	 0.709804	 0.874510	 1.000000
856	274	1	-3276	-2458	 1855	 1128	 0.000000	-1.038246	-0.602004	 0.001000	 1.000000	 0.054902	 0.709804	 0.874510	 1.000000
857	276	1	-3960	 1043	 1844	 1163	 0.000000	-1.040104	-0.611275	 0.001000	 1.000000	 0.054902	 0.709804	 0.874510	 1.000000
858	275	1	 3801	 1525	 1879	 1161	 0.000000	-1.033056	-0.610954	 0.001000	 1.000000	 0.054902	 0.709804	 0.874510	 1.000000
859	276	1	-3960	 1043	 1844	 1163	 0.000000	-1.040104	-0.611275	 0.001000	 1.000000	 0.054902	 0.709804	 0.874510	 1.000000
860	277	1	-155	 4093	 1859	 1177	 0.000000	-1.036986	-0.615487	 0.001000	 1.000000	 0.054902	 0.709804	 0.874510	 1.000000
861	279	1	 4031	-721	 3711	 4137	 0.000000	-0.746759	-1.307768	 0.001000	 1.000000	 0.054902	 0.709804	 0.874510	 1.000000
862	278	1	 0	 0	 3681	 4126	 0.000000	-0.752267	-1.305410	 0.001000	 1.000000	 0.054902	 0.709804	 0.874510	 1.000000
863	280	1	-3431	 2236	 3666	 4160	 0.000000	-0.755309	-1.314061	 0.001000	 1.000000	 0.054902	 0.709804	 0.874510	 1.000000
864	279	1	 4031	-721	 3711	 4137	 0.000000	-0.746759	-1.307768	 0.001000	 1.000000	 0.054902	 0.709804	 0.874510	 1.000000
865	280	1	-3431	 2236	 3666	 4160	 0.000000	-0.755309	-1.314061	 0.001000	 1.000000	 0.054902	 0.709804	 0.874510	 1.000000
866	281	1	 1415	 3843	 3684	 4160	 0.000000	-0.751510	-1.314552	 0.001000	 1.000000	 0.054902	 0.709804	 0.874510	 1.000000
867	283	1	 0	 0	 4160	 2608	 0.000000	-0.677423	-0.949629	 0.001000	 1.000000	 0.054902	 0.709804	 0.874510	 1.000000
868	284	1	 2356	 3350	 4149	 2624	 0.000000	-0.678663	-0.954401	 0.001000	 1.000000	 0.054902	 0.709804	 0.874510	 1.000000
869	285	1	 2624	 3144	 4160	 2626	 0.000000	-0.676889	-0.954807	 0.001000	 1.000000	 0.054902	 0.709804	 0.874510	 1.000000
870	284	1	 2356	 3350	 4149	 2624	 0.000000	-0.678663	-0.954401	 0.001000	 1.000000	 0.054902	 0.709804	 0.874510	 1.000000
871	286	1	-1204	 3914	 4130	 2628	 0.000000	-0.682356	-0.955511	 0.001000	 1.000000	 0.054902	 0.709804	 0.874510	 1.000000
872	287	1	 451	 4071	 4143	 2660	 0.000000	-0.679988	-0.963059	 0.001000	 1.000000	 0.054902	 0.709804	 0.874510	 1.000000
873	283	1	 0	 0	 4160	 2608	 0.000000	-0.677423	-0.949629	 0.001000	 1.000000	 0.054902	 0.709804	 0.874510	 1.000000
874	282	1	 1551	 3790	 4132	 2608	 0.000000	-0.681483	-0.950786	 0.001000	 1.000000	 0.054902	 0.709804	 0.874510	 1.000000
875	284	1	 2356	 3350	 4149	 2624	 0.000000	-0.678663	-0.954401	 0.001000	 1.000000	 0.054902	 0.709804	 0.874510	 1.000000
876	284	1	 2356	 3350	 4149	 2624	 0.000000	-0.678663	-0.954401	 0.001000	 1.000000	 0.054902	 0.709804	 0.874510	 1.000000
877	282	1	 1551	 3790	 4132	 2608	 0.000000	-0.681483	-0.950786	 0.001000	 1.000000	 0.054902	 0.709804	 0.874510	 1.000000
878	286	1	-1204	 3914	 4130	 2628	 0.000000	-0.682356	-0.955511	 0.001000	 1.000000	 0.054902	 0.709804	 0.874510	 1.000000
879	286	1	-1204	 3914	 4130	 2628	 0.000000	-0.682356	-0.955511	 0.001000	 1.000000	 0.054902	 0.709804	 0.874510	 1.000000
880	282	1	 1551	 3790	 4132	 2608	 0.000000	-0.681483	-0.950786	 0.001000	 1.000000	 0.054902	 0.709804	 0.874510	 1.000000
881	288	1	-3178	 2583	 4073	 2666	 0.000000	-0.691663	-0.964011	 0.001000	 1.000000	 0.054902	 0.709804	 0.874510	 1.000000
882	289	1	 0	 0	 2114	 2861	 0.000000	-0.997111	-1.008926	 0.001000	 1.000000	 0.054902	 0.709804	 0.874510	 1.000000
883	290	1	 4093	 149	 2112	 2865	 0.000000	-0.996590	-1.009909	 0.001000	 1.000000	 0.054902	 0.709804	 0.874510	 1.000000
884	291	1	 3867	-1348	 2295	 2890	 0.000000	-0.968043	-1.015311	 0.001000	 1.000000	 0.054902	 0.709804	 0.874510	 1.000000
885	291	1	 3867	-1348	 2295	 2890	 0.000000	-0.968043	-1.015311	 0.001000	 1.000000	 0.054902	 0.709804	 0.874510	 1.000000
886	290	1	 4093	 149	 2112	 2865	 0.000000	-0.996590	-1.009909	 0.001000	 1.000000	 0.054902	 0.709804	 0.874510	 1.000000
887	292	1	 2986	-2803	 2140	 2933	 0.000000	-0.992441	-1.024945	 0.001000	 1.000000	 0.054902	 0.709804	 0.874510	 1.000000
888	291	1	 3867	-1348	 2295	 2890	 0.000000	-0.968043	-1.015311	 0.001000	 1.000000	 0.054902	 0.709804	 0.874510	 1.000000
889	292	1	 2986	-2803	 2140	 2933	 0.000000	-0.992441	-1.024945	 0.001000	 1.000000	 0.054902	 0.709804	 0.874510	 1.000000
890	293	1	-766	-4023	 2220	 2972	 0.000000	-0.980704	-1.033714	 0.001000	 1.000000	 0.054902	 0.709804	 0.874510	 1.000000
891	295	1	 2975	-2814	 536	 1572	 0.000000	-1.243068	-0.705958	 0.001000	 1.000000	 0.054902	 0.709804	 0.874510	 1.000000
892	294	1	 0	 0	 453	 1547	 0.000000	-1.256642	-0.700957	 0.001000	 1.000000	 0.054902	 0.709804	 0.874510	 1.000000
893	296	1	-4084	-305	 436	 1574	 0.000000	-1.260129	-0.707192	 0.001000	 1.000000	 0.054902	 0.709804	 0.874510	 1.000000
894	295	1	 2975	-2814	 536	 1572	 0.000000	-1.243068	-0.705958	 0.001000	 1.000000	 0.054902	 0.709804	 0.874510	 1.000000
895	296	1	-4084	-305	 436	 1574	 0.000000	-1.260129	-0.707192	 0.001000	 1.000000	 0.054902	 0.709804	 0.874510	 1.000000
896	297	1	-2426	 3300	 443	 1590	 0.000000	-1.258698	-0.712042	 0.001000	 1.000000	 0.054902	 0.709804	 0.874510	 1.000000
897	295	1	 2975	-2814	 536	 1572	 0.000000	-1.243068	-0.705958	 0.001000	 1.000000	 0.054902	 0.709804	 0.874510	 1.000000
898	297	1	-2426	 3300	 443	 1590	 0.000000	-1.258698	-0.712042	 0.001000	 1.000000	 0.054902	 0.709804	 0.874510	 1.000000
899	298	1	 3074	 2706	 543	 1601	 0.000000	-1.241954	-0.714439	 0.001000	 1.000000	 0.054902	 0.709804	 0.874510	 1.000000
900	299	1	 0	 0	 861	 2140	 0.000000	-1.192892	-0.839941	 0.001000	 1.000000	 0.054902	 0.709804	 0.874510	 1.000000
901	300	1	 2492	 3250	 848	 2141	 0.000000	-1.194416	-0.841168	 0.001000	 1.000000	 0.054902	 0.709804	 0.874510	 1.000000
902	301	1	 3748	 1651	 861	 2156	 0.000000	-1.192129	-0.844195	 0.001000	 1.000000	 0.054902	 0.709804	 0.874510	 1.000000
903	301	1	 3748	 1651	 861	 2156	 0.000000	-1.192129	-0.844195	 0.001000	 1.000000	 0.054902	 0.709804	 0.874510	 1.000000
904	300	1	 2492	 3250	 848	 2141	 0.000000	-1.194416	-0.841168	 0.001000	 1.000000	 0.054902	 0.709804	 0.874510	 1.000000
905	302	1	 3055	 2727	 842	 2158	 0.000000	-1.195239	-0.844992	 0.001000	 1.000000	 0.054902	 0.709804	 0.874510	 1.000000
906	302	1	 3055	 2727	 842	 2158	 0.000000	-1.195239	-0.844992	 0.001000	 1.000000	 0.054902	 0.709804	 0.874510	 1.000000
907	303	1	 4083	-315	 805	 2176	 0.000000	-1.200811	-0.848283	 0.001000	 1.000000	 0.054902	 0.709804	 0.874510	 1.000000
908	304	1	 3529	-2079	 818	 2180	 0.000000	-1.198893	-0.848682	 0.001000	 1.000000	 0.054902	 0.709804	 0.874510	 1.000000
909	301	1	 3748	 1651	 861	 2156	 0.000000	-1.192129	-0.844195	 0.001000	 1.000000	 0.054902	 0.709804	 0.874510	 1.000000
910	302	1	 3055	 2727	 842	 2158	 0.000000	-1.195239	-0.844992	 0.001000	 1.000000	 0.054902	 0.709804	 0.874510	 1.000000
911	304	1	 3529	-2079	 818	 2180	 0.000000	-1.198893	-0.848682	 0.001000	 1.000000	 0.054902	 0.709804	 0.874510	 1.000000
912	301	1	 3748	 1651	 861	 2156	 0.000000	-1.192129	-0.844195	 0.001000	 1.000000	 0.054902	 0.709804	 0.874510	 1.000000
913	304	1	 3529	-2079	 818	 2180	 0.000000	-1.198893	-0.848682	 0.001000	 1.000000	 0.054902	 0.709804	 0.874510	 1.000000
914	305	1	 2030	-3557	 814	 2199	 0.000000	-1.199823	-0.852684	 0.001000	 1.000000	 0.054902	 0.709804	 0.874510	 1.000000
915	307	1	 3440	 2222	 2081	 888	 0.000000	-1.001567	-0.547182	 0.001000	 1.000000	 0.054902	 0.709804	 0.874510	 1.000000
916	306	1	 0	 0	 2077	 862	 0.000000	-1.002892	-0.540410	 0.001000	 1.000000	 0.054902	 0.709804	 0.874510	 1.000000
917	308	1	 2618	 3149	 2063	 893	 0.000000	-1.004547	-0.548637	 0.001000	 1.000000	 0.054902	 0.709804	 0.874510	 1.000000
918	308	1	 2618	 3149	 2063	 893	 0.000000	-1.004547	-0.548637	 0.001000	 1.000000	 0.054902	 0.709804	 0.874510	 1.000000
919	306	1	 0	 0	 2077	 862	 0.000000	-1.002892	-0.540410	 0.001000	 1.000000	 0.054902	 0.709804	 0.874510	 1.000000
920	309	1	-2918	-2873	 2026	 898	 0.000000	-1.011454	-0.547971	 0.001000	 1.000000	 0.054902	 0.709804	 0.874510	 1.000000
921	308	1	 2618	 3149	 2063	 893	 0.000000	-1.004547	-0.548637	 0.001000	 1.000000	 0.054902	 0.709804	 0.874510	 1.000000
922	309	1	-2918	-2873	 2026	 898	 0.000000	-1.011454	-0.547971	 0.001000	 1.000000	 0.054902	 0.709804	 0.874510	 1.000000
923	310	1	 3082	 2697	 2041	 938	 0.000000	-1.007890	-0.559046	 0.001000	 1.000000	 0.054902	 0.709804	 0.874510	 1.000000
924	310	1	 3082	 2697	 2041	 938	 0.000000	-1.007890	-0.559046	 0.001000	 1.000000	 0.054902	 0.709804	 0.874510	 1.000000
925	309	1	-2918	-2873	 2026	 898	 0.000000	-1.011454	-0.547971	 0.001000	 1.000000	 0.054902	 0.709804	 0.874510	 1.000000
926	311	1	 2984	 2805	 2011	 958	 0.000000	-1.012597	-0.563766	 0.001000	 1.000000	 0.054902	 0.709804	 0.874510	 1.000000
927	311	1	 2984	 2805	 2011	 958	 0.000000	-1.012597	-0.563766	 0.001000	 1.000000	 0.054902	 0.709804	 0.874510	 1.000000
928	309	1	-2918	-2873	 2026	 898	 0.000000	-1.011454	-0.547971	 0.001000	 1.000000	 0.054902	 0.709804	 0.874510	 1.000000
929	312	1	 3202	 2553	 1968	 1032	 0.000000	-1.019272	-0.581033	 0.001000	 1.000000	 0.054902	 0.709804	 0.874510	 1.000000
930	312	1	 3202	 2553	 1968	 1032	 0.000000	-1.019272	-0.581033	 0.001000	 1.000000	 0.054902	 0.709804	 0.874510	 1.000000
931	309	1	-2918	-2873	 2026	 898	 0.000000	-1.011454	-0.547971	 0.001000	 1.000000	 0.054902	 0.709804	 0.874510	 1.000000
932	313	1	-4080	-360	 1929	 1040	 0.000000	-1.026847	-0.582019	 0.001000	 1.000000	 0.054902	 0.709804	 0.874510	 1.000000
933	312	1	 3202	 2553	 1968	 1032	 0.000000	-1.019272	-0.581033	 0.001000	 1.000000	 0.054902	 0.709804	 0.874510	 1.000000
934	313	1	-4080	-360	 1929	 1040	 0.000000	-1.026847	-0.582019	 0.001000	 1.000000	 0.054902	 0.709804	 0.874510	 1.000000
935	314	1	-807	 4015	 1938	 1060	 0.000000	-1.024775	-0.588042	 0.001000	 1.000000	 0.054902	 0.709804	 0.874510	 1.000000
936	315	1	-3432	 2235	 812	 1739	 0.000000	-1.201246	-0.746639	 0.001000	 1.000000	 0.054902	 0.709804	 0.874510	 1.000000
937	316	1	-2341	-3361	 796	 1741	 0.000000	-1.203524	-0.745400	 0.001000	 1.000000	 0.054902	 0.709804	 0.874510	 1.000000
938	317	1	 3536	 2066	 800	 1772	 0.000000	-1.201704	-0.754322	 0.001000	 1.000000	 0.054902	 0.709804	 0.874510	 1.000000
939	317	1	 3536	 2066	 800	 1772	 0.000000	-1.201704	-0.754322	 0.001000	 1.000000	 0.054902	 0.709804	 0.874510	 1.000000
940	316	1	-2341	-3361	 796	 1741	 0.000000	-1.203524	-0.745400	 0.001000	 1.000000	 0.054902	 0.709804	 0.874510	 1.000000
941	318	1	 3461	 2190	 791	 1774	 0.000000	-1.203125	-0.754829	 0.001000	 1.000000	 0.054902	 0.709804	 0.874510	 1.000000
942	318	1	 3461	 2190	 791	 1774	 0.000000	-1.203125	-0.754829	 0.001000	 1.000000	 0.054902	 0.709804	 0.874510	 1.000000
943	316	1	-2341	-3361	 796	 1741	 0.000000	-1.203524	-0.745400	 0.001000	 1.000000	 0.054902	 0.709804	 0.874510	 1.000000
944	319	1	-3228	-2520	 787	 1775	 0.000000	-1.205111	-0.753626	 0.001000	 1.000000	 0.054902	 0.709804	 0.874510	 1.000000
945	319	1	-3228	-2520	 787	 1775	 0.000000	-1.205111	-0.753626	 0.001000	 1.000000	 0.054902	 0.709804	 0.874510	 1.000000
946	316	1	-2341	-3361	 796	 1741	 0.000000	-1.203524	-0.745400	 0.001000	 1.000000	 0.054902	 0.709804	 0.874510	 1.000000
947	322	1	-3950	 1080	 768	 1795	 0.000000	-1.208227	-0.759412	 0.001000	 1.000000	 0.054902	 0.709804	 0.874510	 1.000000
948	320	1	-3484	 2153	 787	 1776	 0.000000	-1.205163	-0.755286	 0.001000	 1.000000	 0.054902	 0.709804	 0.874510	 1.000000
949	319	1	-3228	-2520	 787	 1775	 0.000000	-1.205111	-0.753626	 0.001000	 1.000000	 0.054902	 0.709804	 0.874510	 1.000000
950	322	1	-3950	 1080	 768	 1795	 0.000000	-1.208227	-0.759412	 0.001000	 1.000000	 0.054902	 0.709804	 0.874510	 1.000000
951	321	1	 1051	 3958	 789	 1777	 0.000000	-1.203928	-0.756071	 0.001000	 1.000000	 0.054902	 0.709804	 0.874510	 1.000000
952	320	1	-3484	 2153	 787	 1776	 0.000000	-1.205163	-0.755286	 0.001000	 1.000000	 0.054902	 0.709804	 0.874510	 1.000000
953	322	1	-3950	 1080	 768	 1795	 0.000000	-1.208227	-0.759412	 0.001000	 1.000000	 0.054902	 0.709804	 0.874510	 1.000000
954	317	1	 3536	 2066	 800	 1772	 0.000000	-1.201704	-0.754322	 0.001000	 1.000000	 0.054902	 0.709804	 0.874510	 1.000000
955	318	1	 3461	 2190	 791	 1774	 0.000000	-1.203125	-0.754829	 0.001000	 1.000000	 0.054902	 0.709804	 0.874510	 1.000000
956	321	1	 1051	 3958	 789	 1777	 0.000000	-1.203928	-0.756071	 0.001000	 1.000000	 0.054902	 0.709804	 0.874510	 1.000000
957	317	1	 3536	 2066	 800	 1772	 0.000000	-1.201704	-0.754322	 0.001000	 1.000000	 0.054902	 0.709804	 0.874510	 1.000000
958	321	1	 1051	 3958	 789	 1777	 0.000000	-1.203928	-0.756071	 0.001000	 1.000000	 0.054902	 0.709804	 0.874510	 1.000000
959	322	1	-3950	 1080	 768	 1795	 0.000000	-1.208227	-0.759412	 0.001000	 1.000000	 0.054902	 0.709804	 0.874510	 1.000000
960	317	1	 3536	 2066	 800	 1772	 0.000000	-1.201704	-0.754322	 0.001000	 1.000000	 0.054902	 0.709804	 0.874510	 1.000000
961	322	1	-3950	 1080	 768	 1795	 0.000000	-1.208227	-0.759412	 0.001000	 1.000000	 0.054902	 0.709804	 0.874510	 1.000000
962	323	1	 619	 4048	 776	 1800	 0.000000	-1.206047	-0.761489	 0.001000	 1.000000	 0.054902	 0.709804	 0.874510	 1.000000
963	325	1	 3686	-1784	 2053	 1592	 0.000000	-1.005892	-0.710959	 0.001000	 1.000000	 0.054902	 0.709804	 0.874510	 1.000000
964	324	1	 0	 0	 2039	 1587	 0.000000	-1.008829	-0.710332	 0.001000	 1.000000	 0.054902	 0.709804	 0.874510	 1.000000
965	326	1	-2687	-3091	 1989	 1639	 0.000000	-1.017189	-0.721576	 0.001000	 1.000000	 0.054902	 0.709804	 0.874510	 1.000000
966	325	1	 3686	-1784	 2053	 1592	 0.000000	-1.005892	-0.710959	 0.001000	 1.000000	 0.054902	 0.709804	 0.874510	 1.000000
967	326	1	-2687	-3091	 1989	 1639	 0.000000	-1.017189	-0.721576	 0.001000	 1.000000	 0.054902	 0.709804	 0.874510	 1.000000
968	327	1	 3338	 2373	 2031	 1657	 0.000000	-1.009400	-0.727462	 0.001000	 1.000000	 0.054902	 0.709804	 0.874510	 1.000000
969	327	1	 3338	 2373	 2031	 1657	 0.000000	-1.009400	-0.727462	 0.001000	 1.000000	 0.054902	 0.709804	 0.874510	 1.000000
970	326	1	-2687	-3091	 1989	 1639	 0.000000	-1.017189	-0.721576	 0.001000	 1.000000	 0.054902	 0.709804	 0.874510	 1.000000
971	328	1	-2759	-3027	 1877	 1720	 0.000000	-1.034703	-0.740580	 0.001000	 1.000000	 0.054902	 0.709804	 0.874510	 1.000000
972	327	1	 3338	 2373	 2031	 1657	 0.000000	-1.009400	-0.727462	 0.001000	 1.000000	 0.054902	 0.709804	 0.874510	 1.000000
973	328	1	-2759	-3027	 1877	 1720	 0.000000	-1.034703	-0.740580	 0.001000	 1.000000	 0.054902	 0.709804	 0.874510	 1.000000
974	329	1	-4087	-267	 1800	 1808	 0.000000	-1.047005	-0.762047	 0.001000	 1.000000	 0.054902	 0.709804	 0.874510	 1.000000
975	327	1	 3338	 2373	 2031	 1657	 0.000000	-1.009400	-0.727462	 0.001000	 1.000000	 0.054902	 0.709804	 0.874510	 1.000000
976	329	1	-4087	-267	 1800	 1808	 0.000000	-1.047005	-0.762047	 0.001000	 1.000000	 0.054902	 0.709804	 0.874510	 1.000000
977	330	1	 1975	 3588	 1833	 1811	 0.000000	-1.040615	-0.763927	 0.001000	 1.000000	 0.054902	 0.709804	 0.874510	 1.000000
978	330	1	 1975	 3588	 1833	 1811	 0.000000	-1.040615	-0.763927	 0.001000	 1.000000	 0.054902	 0.709804	 0.874510	 1.000000
979	329	1	-4087	-267	 1800	 1808	 0.000000	-1.047005	-0.762047	 0.001000	 1.000000	 0.054902	 0.709804	 0.874510	 1.000000
980	331	1	-1283	 3889	 1808	 1820	 0.000000	-1.045184	-0.766128	 0.001000	 1.000000	 0.054902	 0.709804	 0.874510	 1.000000
981	333	1	-2237	 3430	 3980	 127	 0.000000	-0.706003	-0.369191	 0.001000	 1.000000	 0.054902	 0.709804	 0.874510	 1.000000
982	332	1	 1031	 3963	 3949	 125	 0.000000	-0.710182	-0.368885	 0.001000	 1.000000	 0.054902	 0.709804	 0.874510	 1.000000
983	336	1	-2596	 3168	 3993	 152	 0.000000	-0.704045	-0.374971	 0.001000	 1.000000	 0.054902	 0.709804	 0.874510	 1.000000
984	336	1	-2596	 3168	 3993	 152	 0.000000	-0.704045	-0.374971	 0.001000	 1.000000	 0.054902	 0.709804	 0.874510	 1.000000
985	332	1	 1031	 3963	 3949	 125	 0.000000	-0.710182	-0.368885	 0.001000	 1.000000	 0.054902	 0.709804	 0.874510	 1.000000
986	339	1	 3183	 2577	 3884	 167	 0.000000	-0.719900	-0.378306	 0.001000	 1.000000	 0.054902	 0.709804	 0.874510	 1.000000
987	338	1	 179	 4092	 4031	 163	 0.000000	-0.697543	-0.377831	 0.001000	 1.000000	 0.054902	 0.709804	 0.874510	 1.000000
988	336	1	-2596	 3168	 3993	 152	 0.000000	-0.704045	-0.374971	 0.001000	 1.000000	 0.054902	 0.709804	 0.874510	 1.000000
989	339	1	 3183	 2577	 3884	 167	 0.000000	-0.719900	-0.378306	 0.001000	 1.000000	 0.054902	 0.709804	 0.874510	 1.000000
990	337	1	-2772	 3014	 4067	 162	 0.000000	-0.692518	-0.377267	 0.001000	 1.000000	 0.054902	 0.709804	 0.874510	 1.000000
991	341	1	-2416	 3307	 4048	 180	 0.000000	-0.695415	-0.381576	 0.001000	 1.000000	 0.054902	 0.709804	 0.874510	 1.000000
992	342	1	-2660	 3114	 4051	 182	 0.000000	-0.694996	-0.381985	 0.001000	 1.000000	 0.054902	 0.709804	 0.874510	 1.000000
993	335	1	-3010	 2777	 4062	 151	 0.000000	-0.693348	-0.374617	 0.001000	 1.000000	 0.054902	 0.709804	 0.874510	 1.000000
994	338	1	 179	 4092	 4031	 163	 0.000000	-0.697543	-0.377831	 0.001000	 1.000000	 0.054902	 0.709804	 0.874510	 1.000000
995	341	1	-2416	 3307	 4048	 180	 0.000000	-0.695415	-0.381576	 0.001000	 1.000000	 0.054902	 0.709804	 0.874510	 1.000000
996	338	1	 179	 4092	 4031	 163	 0.000000	-0.697543	-0.377831	 0.001000	 1.000000	 0.054902	 0.709804	 0.874510	 1.000000
997	339	1	 3183	 2577	 3884	 167	 0.000000	-0.719900	-0.378306	 0.001000	 1.000000	 0.054902	 0.709804	 0.874510	 1.000000
998	341	1	-2416	 3307	 4048	 180	 0.000000	-0.695415	-0.381576	 0.001000	 1.000000	 0.054902	 0.709804	 0.874510	 1.000000
999	341	1	-2416	 3307	 4048	 180	 0.000000	-0.695415	-0.381576	 0.001000	 1.000000	 0.054902	 0.709804	 0.874510	 1.000000
1000	339	1	 3183	 2577	 3884	 167	 0.000000	-0.719900	-0.378306	 0.001000	 1.000000	 0.054902	 0.709804	 0.874510	 1.000000
1001	342	1	-2660	 3114	 4051	 182	 0.000000	-0.694996	-0.381985	 0.001000	 1.000000	 0.054902	 0.709804	 0.874510	 1.000000
1002	342	1	-2660	 3114	 4051	 182	 0.000000	-0.694996	-0.381985	 0.001000	 1.000000	 0.054902	 0.709804	 0.874510	 1.000000
1003	339	1	 3183	 2577	 3884	 167	 0.000000	-0.719900	-0.378306	 0.001000	 1.000000	 0.054902	 0.709804	 0.874510	 1.000000
1004	343	1	 2462	 3273	 3876	 188	 0.000000	-0.721297	-0.383440	 0.001000	 1.000000	 0.054902	 0.709804	 0.874510	 1.000000
1005	340	1	-2991	 2797	 4121	 172	 0.000000	-0.684125	-0.379545	 0.001000	 1.000000	 0.054902	 0.709804	 0.874510	 1.000000
1006	334	1	 571	 4055	 4082	 148	 0.000000	-0.689494	-0.374304	 0.001000	 1.000000	 0.054902	 0.709804	 0.874510	 1.000000
1007	342	1	-2660	 3114	 4051	 182	 0.000000	-0.694996	-0.381985	 0.001000	 1.000000	 0.054902	 0.709804	 0.874510	 1.000000
1008	342	1	-2660	 3114	 4051	 182	 0.000000	-0.694996	-0.381985	 0.001000	 1.000000	 0.054902	 0.709804	 0.874510	 1.000000
1009	343	1	 2462	 3273	 3876	 188	 0.000000	-0.721297	-0.383440	 0.001000	 1.000000	 0.054902	 0.709804	 0.874510	 1.000000
1010	344	1	 3570	 2006	 3852	 190	 0.000000	-0.724822	-0.383522	 0.001000	 1.000000	 0.054902	 0.709804	 0.874510	 1.000000
1011	342	1	-2660	 3114	 4051	 182	 0.000000	-0.694996	-0.381985	 0.001000	 1.000000	 0.054902	 0.709804	 0.874510	 1.000000
1012	344	1	 3570	 2006	 3852	 190	 0.000000	-0.724822	-0.383522	 0.001000	 1.000000	 0.054902	 0.709804	 0.874510	 1.000000
1013	345	1	 3878	 1316	 3856	 198	 0.000000	-0.724134	-0.385187	 0.001000	 1.000000	 0.054902	 0.709804	 0.874510	 1.000000
1014	342	1	-2660	 3114	 4051	 182	 0.000000	-0.694996	-0.381985	 0.001000	 1.000000	 0.054902	 0.709804	 0.874510	 1.000000
1015	345	1	 3878	 1316	 3856	 198	 0.000000	-0.724134	-0.385187	 0.001000	 1.000000	 0.054902	 0.709804	 0.874510	 1.000000
1016	347	1	 862	 4004	 3819	 216	 0.000000	-0.730529	-0.390226	 0.001000	 1.000000	 0.054902	 0.709804	 0.874510	 1.000000
1017	340	1	-2991	 2797	 4121	 172	 0.000000	-0.684125	-0.379545	 0.001000	 1.000000	 0.054902	 0.709804	 0.874510	 1.000000
1018	342	1	-2660	 3114	 4051	 182	 0.000000	-0.694996	-0.381985	 0.001000	 1.000000	 0.054902	 0.709804	 0.874510	 1.000000
1019	347	1	 862	 4004	 3819	 216	 0.000000	-0.730529	-0.390226	 0.001000	 1.000000	 0.054902	 0.709804	 0.874510	 1.000000
1020	340	1	-2991	 2797	 4121	 172	 0.000000	-0.684125	-0.379545	 0.001000	 1.000000	 0.054902	 0.709804	 0.874510	 1.000000
1021	347	1	 862	 4004	 3819	 216	 0.000000	-0.730529	-0.390226	 0.001000	 1.000000	 0.054902	 0.709804	 0.874510	 1.000000
1022	348	1	-4004	-860	 4151	 229	 0.000000	-0.679644	-0.391788	 0.001000	 1.000000	 0.054902	 0.709804	 0.874510	 1.000000
1023	348	1	-4004	-860	 4151	 229	 0.000000	-0.679644	-0.391788	 0.001000	 1.000000	 0.054902	 0.709804	 0.874510	 1.000000
1024	349	1	-1338	-3871	 4119	 238	 0.000000	-0.684102	-0.392979	 0.001000	 1.000000	 0.054902	 0.709804	 0.874510	 1.000000
1025	350	1	-4088	 254	 4121	 239	 0.000000	-0.684349	-0.394472	 0.001000	 1.000000	 0.054902	 0.709804	 0.874510	 1.000000
1026	348	1	-4004	-860	 4151	 229	 0.000000	-0.679644	-0.391788	 0.001000	 1.000000	 0.054902	 0.709804	 0.874510	 1.000000
1027	350	1	-4088	 254	 4121	 239	 0.000000	-0.684349	-0.394472	 0.001000	 1.000000	 0.054902	 0.709804	 0.874510	 1.000000
1028	352	1	-1186	-3920	 4118	 241	 0.000000	-0.684227	-0.393667	 0.001000	 1.000000	 0.054902	 0.709804	 0.874510	 1.000000
1029	352	1	-1186	-3920	 4118	 241	 0.000000	-0.684227	-0.393667	 0.001000	 1.000000	 0.054902	 0.709804	 0.874510	 1.000000
1030	353	1	 4089	 226	 4114	 242	 0.000000	-0.683779	-0.395167	 0.001000	 1.000000	 0.054902	 0.709804	 0.874510	 1.000000
1031	354	1	 4076	 403	 4115	 243	 0.000000	-0.683625	-0.395455	 0.001000	 1.000000	 0.054902	 0.709804	 0.874510	 1.000000
1032	348	1	-4004	-860	 4151	 229	 0.000000	-0.679644	-0.391788	 0.001000	 1.000000	 0.054902	 0.709804	 0.874510	 1.000000
1033	352	1	-1186	-3920	 4118	 241	 0.000000	-0.684227	-0.393667	 0.001000	 1.000000	 0.054902	 0.709804	 0.874510	 1.000000
1034	354	1	 4076	 403	 4115	 243	 0.000000	-0.683625	-0.395455	 0.001000	 1.000000	 0.054902	 0.709804	 0.874510	 1.000000
1035	348	1	-4004	-860	 4151	 229	 0.000000	-0.679644	-0.391788	 0.001000	 1.000000	 0.054902	 0.709804	 0.874510	 1.000000
1036	354	1	 4076	 403	 4115	 243	 0.000000	-0.683625	-0.395455	 0.001000	 1.000000	 0.054902	 0.709804	 0.874510	 1.000000
1037	356	1	 254	 4088	 4112	 245	 0.000000	-0.684871	-0.397048	 0.001000	 1.000000	 0.054902	 0.709804	 0.874510	 1.000000
1038	348	1	-4004	-860	 4151	 229	 0.000000	-0.679644	-0.391788	 0.001000	 1.000000	 0.054902	 0.709804	 0.874510	 1.000000
1039	356	1	 254	 4088	 4112	 245	 0.000000	-0.684871	-0.397048	 0.001000	 1.000000	 0.054902	 0.709804	 0.874510	 1.000000
1040	360	1	-945	-3985	 4119	 254	 0.000000	-0.684022	-0.396694	 0.001000	 1.000000	 0.054902	 0.709804	 0.874510	 1.000000
1041	356	1	 254	 4088	 4112	 245	 0.000000	-0.684871	-0.397048	 0.001000	 1.000000	 0.054902	 0.709804	 0.874510	 1.000000
1042	357	1	-3969	-1010	 4089	 248	 0.000000	-0.689324	-0.396196	 0.001000	 1.000000	 0.054902	 0.709804	 0.874510	 1.000000
1043	360	1	-945	-3985	 4119	 254	 0.000000	-0.684022	-0.396694	 0.001000	 1.000000	 0.054902	 0.709804	 0.874510	 1.000000
1044	357	1	-3969	-1010	 4089	 248	 0.000000	-0.689324	-0.396196	 0.001000	 1.000000	 0.054902	 0.709804	 0.874510	 1.000000
1045	358	1	-3925	-1168	 4089	 251	 0.000000	-0.689315	-0.396851	 0.001000	 1.000000	 0.054902	 0.709804	 0.874510	 1.000000
1046	361	1	-3966	-1023	 4118	 257	 0.000000	-0.684792	-0.398301	 0.001000	 1.000000	 0.054902	 0.709804	 0.874510	 1.000000
1047	347	1	 862	 4004	 3819	 216	 0.000000	-0.730529	-0.390226	 0.001000	 1.000000	 0.054902	 0.709804	 0.874510	 1.000000
1048	346	1	 1290	 3887	 3784	 215	 0.000000	-0.735911	-0.389956	 0.001000	 1.000000	 0.054902	 0.709804	 0.874510	 1.000000
1049	348	1	-4004	-860	 4151	 229	 0.000000	-0.679644	-0.391788	 0.001000	 1.000000	 0.054902	 0.709804	 0.874510	 1.000000
1050	348	1	-4004	-860	 4151	 229	 0.000000	-0.679644	-0.391788	 0.001000	 1.000000	 0.054902	 0.709804	 0.874510	 1.000000
1051	346	1	 1290	 3887	 3784	 215	 0.000000	-0.735911	-0.389956	 0.001000	 1.000000	 0.054902	 0.709804	 0.874510	 1.000000
1052	349	1	-1338	-3871	 4119	 238	 0.000000	-0.684102	-0.392979	 0.001000	 1.000000	 0.054902	 0.709804	 0.874510	 1.000000
1053	349	1	-1338	-3871	 4119	 238	 0.000000	-0.684102	-0.392979	 0.001000	 1.000000	 0.054902	 0.709804	 0.874510	 1.000000
1054	346	1	 1290	 3887	 3784	 215	 0.000000	-0.735911	-0.389956	 0.001000	 1.000000	 0.054902	 0.709804	 0.874510	 1.000000
1055	351	1	 3611	-1932	 4117	 241	 0.000000	-0.683407	-0.394274	 0.001000	 1.000000	 0.054902	 0.709804	 0.874510	 1.000000
1056	352	1	-1186	-3920	 4118	 241	 0.000000	-0.684227	-0.393667	 0.001000	 1.000000	 0.054902	 0.709804	 0.874510	 1.000000
1057	351	1	 3611	-1932	 4117	 241	 0.000000	-0.683407	-0.394274	 0.001000	 1.000000	 0.054902	 0.709804	 0.874510	 1.000000
1058	353	1	 4089	 226	 4114	 242	 0.000000	-0.683779	-0.395167	 0.001000	 1.000000	 0.054902	 0.709804	 0.874510	 1.000000
1059	351	1	 3611	-1932	 4117	 241	 0.000000	-0.683407	-0.394274	 0.001000	 1.000000	 0.054902	 0.709804	 0.874510	 1.000000
1060	346	1	 1290	 3887	 3784	 215	 0.000000	-0.735911	-0.389956	 0.001000	 1.000000	 0.054902	 0.709804	 0.874510	 1.000000
1061	353	1	 4089	 226	 4114	 242	 0.000000	-0.683779	-0.395167	 0.001000	 1.000000	 0.054902	 0.709804	 0.874510	 1.000000
1062	353	1	 4089	 226	 4114	 242	 0.000000	-0.683779	-0.395167	 0.001000	 1.000000	 0.054902	 0.709804	 0.874510	 1.000000
1063	346	1	 1290	 3887	 3784	 215	 0.000000	-0.735911	-0.389956	 0.001000	 1.000000	 0.054902	 0.709804	 0.874510	 1.000000
1064	355	1	 4096	 0	 4110	 244	 0.000000	-0.684402	-0.395566	 0.001000	 1.000000	 0.054902	 0.709804	 0.874510	 1.000000
1065	355	1	 4096	 0	 4110	 244	 0.000000	-0.684402	-0.395566	 0.001000	 1.000000	 0.054902	 0.709804	 0.874510	 1.000000
1066	346	1	 1290	 3887	 3784	 215	 0.000000	-0.735911	-0.389956	 0.001000	 1.000000	 0.054902	 0.709804	 0.874510	 1.000000
1067	356	1	 254	 4088	 4112	 245	 0.000000	-0.684871	-0.397048	 0.001000	 1.000000	 0.054902	 0.709804	 0.874510	 1.000000
1068	356	1	 254	 4088	 4112	 245	 0.000000	-0.684871	-0.397048	 0.001000	 1.000000	 0.054902	 0.709804	 0.874510	 1.000000
1069	346	1	 1290	 3887	 3784	 215	 0.000000	-0.735911	-0.389956	 0.001000	 1.000000	 0.054902	 0.709804	 0.874510	 1.000000
1070	357	1	-3969	-1010	 4089	 248	 0.000000	-0.689324	-0.396196	 0.001000	 1.000000	 0.054902	 0.709804	 0.874510	 1.000000
1071	357	1	-3969	-1010	 4089	 248	 0.000000	-0.689324	-0.396196	 0.001000	 1.000000	 0.054902	 0.709804	 0.874510	 1.000000
1072	346	1	 1290	 3887	 3784	 215	 0.000000	-0.735911	-0.389956	 0.001000	 1.000000	 0.054902	 0.709804	 0.874510	 1.000000
1073	358	1	-3925	-1168	 4089	 251	 0.000000	-0.689315	-0.396851	 0.001000	 1.000000	 0.054902	 0.709804	 0.874510	 1.000000
1074	358	1	-3925	-1168	 4089	 251	 0.000000	-0.689315	-0.396851	 0.001000	 1.000000	 0.054902	 0.709804	 0.874510	 1.000000
1075	346	1	 1290	 3887	 3784	 215	 0.000000	-0.735911	-0.389956	 0.001000	 1.000000	 0.054902	 0.709804	 0.874510	 1.000000
1076	359	1	 1845	 3656	 3736	 253	 0.000000	-0.743298	-0.398791	 0.001000	 1.000000	 0.054902	 0.709804	 0.874510	 1.000000
1077	362	1	-3459	 2192	 4117	 262	 0.000000	-0.684846	-0.400454	 0.001000	 1.000000	 0.054902	 0.709804	 0.874510	 1.000000
1078	358	1	-3925	-1168	 4089	 251	 0.000000	-0.689315	-0.396851	 0.001000	 1.000000	 0.054902	 0.709804	 0.874510	 1.000000
1079	364	1	-3887	-1291	 4116	 277	 0.000000	-0.685089	-0.402907	 0.001000	 1.000000	 0.054902	 0.709804	 0.874510	 1.000000
1080	358	1	-3925	-1168	 4089	 251	 0.000000	-0.689315	-0.396851	 0.001000	 1.000000	 0.054902	 0.709804	 0.874510	 1.000000
1081	359	1	 1845	 3656	 3736	 253	 0.000000	-0.743298	-0.398791	 0.001000	 1.000000	 0.054902	 0.709804	 0.874510	 1.000000
1082	364	1	-3887	-1291	 4116	 277	 0.000000	-0.685089	-0.402907	 0.001000	 1.000000	 0.054902	 0.709804	 0.874510	 1.000000
1083	359	1	 1845	 3656	 3736	 253	 0.000000	-0.743298	-0.398791	 0.001000	 1.000000	 0.054902	 0.709804	 0.874510	 1.000000
1084	363	1	 1956	 3598	 3666	 272	 0.000000	-0.754213	-0.403227	 0.001000	 1.000000	 0.054902	 0.709804	 0.874510	 1.000000
1085	365	1	 3684	 1790	 3637	 298	 0.000000	-0.758392	-0.408769	 0.001000	 1.000000	 0.054902	 0.709804	 0.874510	 1.000000
1086	359	1	 1845	 3656	 3736	 253	 0.000000	-0.743298	-0.398791	 0.001000	 1.000000	 0.054902	 0.709804	 0.874510	 1.000000
1087	365	1	 3684	 1790	 3637	 298	 0.000000	-0.758392	-0.408769	 0.001000	 1.000000	 0.054902	 0.709804	 0.874510	 1.000000
1088	366	1	-2484	-3256	 3639	 298	 0.000000	-0.759335	-0.407229	 0.001000	 1.000000	 0.054902	 0.709804	 0.874510	 1.000000
1089	364	1	-3887	-1291	 4116	 277	 0.000000	-0.685089	-0.402907	 0.001000	 1.000000	 0.054902	 0.709804	 0.874510	 1.000000
1090	359	1	 1845	 3656	 3736	 253	 0.000000	-0.743298	-0.398791	 0.001000	 1.000000	 0.054902	 0.709804	 0.874510	 1.000000
1091	366	1	-2484	-3256	 3639	 298	 0.000000	-0.759335	-0.407229	 0.001000	 1.000000	 0.054902	 0.709804	 0.874510	 1.000000
1092	364	1	-3887	-1291	 4116	 277	 0.000000	-0.685089	-0.402907	 0.001000	 1.000000	 0.054902	 0.709804	 0.874510	 1.000000
1093	366	1	-2484	-3256	 3639	 298	 0.000000	-0.759335	-0.407229	 0.001000	 1.000000	 0.054902	 0.709804	 0.874510	 1.000000
1094	368	1	-3784	 1567	 3640	 299	 0.000000	-0.759443	-0.408935	 0.001000	 1.000000	 0.054902	 0.709804	 0.874510	 1.000000
1095	368	1	-3784	 1567	 3640	 299	 0.000000	-0.759443	-0.408935	 0.001000	 1.000000	 0.054902	 0.709804	 0.874510	 1.000000
1096	369	1	-2153	-3484	 3640	 300	 0.000000	-0.759111	-0.407628	 0.001000	 1.000000	 0.054902	 0.709804	 0.874510	 1.000000
1097	370	1	 3470	-2174	 4076	 329	 0.000000	-0.689842	-0.414825	 0.001000	 1.000000	 0.054902	 0.709804	 0.874510	 1.000000
1098	364	1	-3887	-1291	 4116	 277	 0.000000	-0.685089	-0.402907	 0.001000	 1.000000	 0.054902	 0.709804	 0.874510	 1.000000
1099	368	1	-3784	 1567	 3640	 299	 0.000000	-0.759443	-0.408935	 0.001000	 1.000000	 0.054902	 0.709804	 0.874510	 1.000000
1100	370	1	 3470	-2174	 4076	 329	 0.000000	-0.689842	-0.414825	 0.001000	 1.000000	 0.054902	 0.709804	 0.874510	 1.000000
1101	364	1	-3887	-1291	 4116	 277	 0.000000	-0.685089	-0.402907	 0.001000	 1.000000	 0.054902	 0.709804	 0.874510	 1.000000
1102	370	1	 3470	-2174	 4076	 329	 0.000000	-0.689842	-0.414825	 0.001000	 1.000000	 0.054902	 0.709804	 0.874510	 1.000000
1103	372	1	-2885	-2906	 4081	 331	 0.000000	-0.690354	-0.415070	 0.001000	 1.000000	 0.054902	 0.709804	 0.874510	 1.000000
1104	372	1	-2885	-2906	 4081	 331	 0.000000	-0.690354	-0.415070	 0.001000	 1.000000	 0.054902	 0.709804	 0.874510	 1.000000
1105	370	1	 3470	-2174	 4076	 329	 0.000000	-0.689842	-0.414825	 0.001000	 1.000000	 0.054902	 0.709804	 0.874510	 1.000000
1106	373	1	 774	-4022	 4074	 334	 0.000000	-0.690703	-0.415433	 0.001000	 1.000000	 0.054902	 0.709804	 0.874510	 1.000000
1107	372	1	-2885	-2906	 4081	 331	 0.000000	-0.690354	-0.415070	 0.001000	 1.000000	 0.054902	 0.709804	 0.874510	 1.000000
1108	373	1	 774	-4022	 4074	 334	 0.000000	-0.690703	-0.415433	 0.001000	 1.000000	 0.054902	 0.709804	 0.874510	 1.000000
1109	374	1	-2624	-3144	 3965	 405	 0.000000	-0.708426	-0.432341	 0.001000	 1.000000	 0.054902	 0.709804	 0.874510	 1.000000
1110	378	1	-3270	-2466	 3875	 483	 0.000000	-0.722620	-0.450829	 0.001000	 1.000000	 0.054902	 0.709804	 0.874510	 1.000000
1111	377	1	 588	-4053	 3872	 482	 0.000000	-0.722304	-0.450111	 0.001000	 1.000000	 0.054902	 0.709804	 0.874510	 1.000000
1112	383	1	-3965	-1027	 3877	 490	 0.000000	-0.722449	-0.452909	 0.001000	 1.000000	 0.054902	 0.709804	 0.874510	 1.000000
1113	383	1	-3965	-1027	 3877	 490	 0.000000	-0.722449	-0.452909	 0.001000	 1.000000	 0.054902	 0.709804	 0.874510	 1.000000
1114	377	1	 588	-4053	 3872	 482	 0.000000	-0.722304	-0.450111	 0.001000	 1.000000	 0.054902	 0.709804	 0.874510	 1.000000
1115	385	1	 2451	-3281	 3871	 494	 0.000000	-0.722081	-0.453159	 0.001000	 1.000000	 0.054902	 0.709804	 0.874510	 1.000000
1116	384	1	 3270	 2466	 3878	 490	 0.000000	-0.720820	-0.453975	 0.001000	 1.000000	 0.054902	 0.709804	 0.874510	 1.000000
1117	383	1	-3965	-1027	 3877	 490	 0.000000	-0.722449	-0.452909	 0.001000	 1.000000	 0.054902	 0.709804	 0.874510	 1.000000
1118	385	1	 2451	-3281	 3871	 494	 0.000000	-0.722081	-0.453159	 0.001000	 1.000000	 0.054902	 0.709804	 0.874510	 1.000000
1119	366	1	-2484	-3256	 3639	 298	 0.000000	-0.759335	-0.407229	 0.001000	 1.000000	 0.054902	 0.709804	 0.874510	 1.000000
1120	365	1	 3684	 1790	 3637	 298	 0.000000	-0.758392	-0.408769	 0.001000	 1.000000	 0.054902	 0.709804	 0.874510	 1.000000
1121	367	1	-4043	 656	 3638	 299	 0.000000	-0.759808	-0.408657	 0.001000	 1.000000	 0.054902	 0.709804	 0.874510	 1.000000
1122	370	1	 3470	-2174	 4076	 329	 0.000000	-0.689842	-0.414825	 0.001000	 1.000000	 0.054902	 0.709804	 0.874510	 1.000000
1123	369	1	-2153	-3484	 3640	 300	 0.000000	-0.759111	-0.407628	 0.001000	 1.000000	 0.054902	 0.709804	 0.874510	 1.000000
1124	371	1	-3484	-2153	 4074	 330	 0.000000	-0.691569	-0.415066	 0.001000	 1.000000	 0.054902	 0.709804	 0.874510	 1.000000
1125	371	1	-3484	-2153	 4074	 330	 0.000000	-0.691569	-0.415066	 0.001000	 1.000000	 0.054902	 0.709804	 0.874510	 1.000000
1126	369	1	-2153	-3484	 3640	 300	 0.000000	-0.759111	-0.407628	 0.001000	 1.000000	 0.054902	 0.709804	 0.874510	 1.000000
1127	373	1	 774	-4022	 4074	 334	 0.000000	-0.690703	-0.415433	 0.001000	 1.000000	 0.054902	 0.709804	 0.874510	 1.000000
1128	373	1	 774	-4022	 4074	 334	 0.000000	-0.690703	-0.415433	 0.001000	 1.000000	 0.054902	 0.709804	 0.874510	 1.000000
1129	369	1	-2153	-3484	 3640	 300	 0.000000	-0.759111	-0.407628	 0.001000	 1.000000	 0.054902	 0.709804	 0.874510	 1.000000
1130	374	1	-2624	-3144	 3965	 405	 0.000000	-0.708426	-0.432341	 0.001000	 1.000000	 0.054902	 0.709804	 0.874510	 1.000000
1131	367	1	-4043	 656	 3638	 299	 0.000000	-0.759808	-0.408657	 0.001000	 1.000000	 0.054902	 0.709804	 0.874510	 1.000000
1132	365	1	 3684	 1790	 3637	 298	 0.000000	-0.758392	-0.408769	 0.001000	 1.000000	 0.054902	 0.709804	 0.874510	 1.000000
1133	375	1	 3315	 2404	 3630	 406	 0.000000	-0.759561	-0.434269	 0.001000	 1.000000	 0.054902	 0.709804	 0.874510	 1.000000
1134	369	1	-2153	-3484	 3640	 300	 0.000000	-0.759111	-0.407628	 0.001000	 1.000000	 0.054902	 0.709804	 0.874510	 1.000000
1135	367	1	-4043	 656	 3638	 299	 0.000000	-0.759808	-0.408657	 0.001000	 1.000000	 0.054902	 0.709804	 0.874510	 1.000000
1136	375	1	 3315	 2404	 3630	 406	 0.000000	-0.759561	-0.434269	 0.001000	 1.000000	 0.054902	 0.709804	 0.874510	 1.000000
1137	374	1	-2624	-3144	 3965	 405	 0.000000	-0.708426	-0.432341	 0.001000	 1.000000	 0.054902	 0.709804	 0.874510	 1.000000
1138	369	1	-2153	-3484	 3640	 300	 0.000000	-0.759111	-0.407628	 0.001000	 1.000000	 0.054902	 0.709804	 0.874510	 1.000000
1139	375	1	 3315	 2404	 3630	 406	 0.000000	-0.759561	-0.434269	 0.001000	 1.000000	 0.054902	 0.709804	 0.874510	 1.000000
1140	375	1	 3315	 2404	 3630	 406	 0.000000	-0.759561	-0.434269	 0.001000	 1.000000	 0.054902	 0.709804	 0.874510	 1.000000
1141	376	1	 2740	 3043	 3560	 434	 0.000000	-0.770616	-0.441026	 0.001000	 1.000000	 0.054902	 0.709804	 0.874510	 1.000000
1142	377	1	 588	-4053	 3872	 482	 0.000000	-0.722304	-0.450111	 0.001000	 1.000000	 0.054902	 0.709804	 0.874510	 1.000000
1143	374	1	-2624	-3144	 3965	 405	 0.000000	-0.708426	-0.432341	 0.001000	 1.000000	 0.054902	 0.709804	 0.874510	 1.000000
1144	375	1	 3315	 2404	 3630	 406	 0.000000	-0.759561	-0.434269	 0.001000	 1.000000	 0.054902	 0.709804	 0.874510	 1.000000
1145	377	1	 588	-4053	 3872	 482	 0.000000	-0.722304	-0.450111	 0.001000	 1.000000	 0.054902	 0.709804	 0.874510	 1.000000
1146	377	1	 588	-4053	 3872	 482	 0.000000	-0.722304	-0.450111	 0.001000	 1.000000	 0.054902	 0.709804	 0.874510	 1.000000
1147	378	1	-3270	-2466	 3875	 483	 0.000000	-0.722620	-0.450829	 0.001000	 1.000000	 0.054902	 0.709804	 0.874510	 1.000000
1148	379	1	 2466	-3270	 3876	 483	 0.000000	-0.721296	-0.450584	 0.001000	 1.000000	 0.054902	 0.709804	 0.874510	 1.000000
1149	374	1	-2624	-3144	 3965	 405	 0.000000	-0.708426	-0.432341	 0.001000	 1.000000	 0.054902	 0.709804	 0.874510	 1.000000
1150	377	1	 588	-4053	 3872	 482	 0.000000	-0.722304	-0.450111	 0.001000	 1.000000	 0.054902	 0.709804	 0.874510	 1.000000
1151	379	1	 2466	-3270	 3876	 483	 0.000000	-0.721296	-0.450584	 0.001000	 1.000000	 0.054902	 0.709804	 0.874510	 1.000000
1152	374	1	-2624	-3144	 3965	 405	 0.000000	-0.708426	-0.432341	 0.001000	 1.000000	 0.054902	 0.709804	 0.874510	 1.000000
1153	379	1	 2466	-3270	 3876	 483	 0.000000	-0.721296	-0.450584	 0.001000	 1.000000	 0.054902	 0.709804	 0.874510	 1.000000
1154	381	1	-2303	-3387	 3889	 487	 0.000000	-0.720235	-0.451486	 0.001000	 1.000000	 0.054902	 0.709804	 0.874510	 1.000000
1155	381	1	-2303	-3387	 3889	 487	 0.000000	-0.720235	-0.451486	 0.001000	 1.000000	 0.054902	 0.709804	 0.874510	 1.000000
1156	379	1	 2466	-3270	 3876	 483	 0.000000	-0.721296	-0.450584	 0.001000	 1.000000	 0.054902	 0.709804	 0.874510	 1.000000
1157	384	1	 3270	 2466	 3878	 490	 0.000000	-0.720820	-0.453975	 0.001000	 1.000000	 0.054902	 0.709804	 0.874510	 1.000000
1158	381	1	-2303	-3387	 3889	 487	 0.000000	-0.720235	-0.451486	 0.001000	 1.000000	 0.054902	 0.709804	 0.874510	 1.000000
1159	384	1	 3270	 2466	 3878	 490	 0.000000	-0.720820	-0.453975	 0.001000	 1.000000	 0.054902	 0.709804	 0.874510	 1.000000
1160	385	1	 2451	-3281	 3871	 494	 0.000000	-0.722081	-0.453159	 0.001000	 1.000000	 0.054902	 0.709804	 0.874510	 1.000000
1161	377	1	 588	-4053	 3872	 482	 0.000000	-0.722304	-0.450111	 0.001000	 1.000000	 0.054902	 0.709804	 0.874510	 1.000000
1162	376	1	 2740	 3043	 3560	 434	 0.000000	-0.770616	-0.441026	 0.001000	 1.000000	 0.054902	 0.709804	 0.874510	 1.000000
1163	382	1	 1648	 3749	 3531	 489	 0.000000	-0.775369	-0.454132	 0.001000	 1.000000	 0.054902	 0.709804	 0.874510	 1.000000
1164	377	1	 588	-4053	 3872	 482	 0.000000	-0.722304	-0.450111	 0.001000	 1.000000	 0.054902	 0.709804	 0.874510	 1.000000
1165	382	1	 1648	 3749	 3531	 489	 0.000000	-0.775369	-0.454132	 0.001000	 1.000000	 0.054902	 0.709804	 0.874510	 1.000000
1166	386	1	-3438	-2226	 3867	 506	 0.000000	-0.723904	-0.456293	 0.001000	 1.000000	 0.054902	 0.709804	 0.874510	 1.000000
1167	392	1	-3920	 1186	 3794	 571	 0.000000	-0.735408	-0.472569	 0.001000	 1.000000	 0.054902	 0.709804	 0.874510	 1.000000
1168	393	1	-2486	 3255	 3781	 572	 0.000000	-0.737148	-0.473435	 0.001000	 1.000000	 0.054902	 0.709804	 0.874510	 1.000000
1169	394	1	 4079	 369	 3794	 573	 0.000000	-0.733781	-0.472788	 0.001000	 1.000000	 0.054902	 0.709804	 0.874510	 1.000000
1170	392	1	-3920	 1186	 3794	 571	 0.000000	-0.735408	-0.472569	 0.001000	 1.000000	 0.054902	 0.709804	 0.874510	 1.000000
1171	394	1	 4079	 369	 3794	 573	 0.000000	-0.733781	-0.472788	 0.001000	 1.000000	 0.054902	 0.709804	 0.874510	 1.000000
1172	398	1	 3611	 1932	 3796	 576	 0.000000	-0.733563	-0.473969	 0.001000	 1.000000	 0.054902	 0.709804	 0.874510	 1.000000
1173	392	1	-3920	 1186	 3794	 571	 0.000000	-0.735408	-0.472569	 0.001000	 1.000000	 0.054902	 0.709804	 0.874510	 1.000000
1174	398	1	 3611	 1932	 3796	 576	 0.000000	-0.733563	-0.473969	 0.001000	 1.000000	 0.054902	 0.709804	 0.874510	 1.000000
1175	399	1	-305	 4084	 3798	 577	 0.000000	-0.734048	-0.474860	 0.001000	 1.000000	 0.054902	 0.709804	 0.874510	 1.000000
1176	388	1	-4095	-79	 3798	 556	 0.000000	-0.734819	-0.468667	 0.001000	 1.000000	 0.054902	 0.709804	 0.874510	 1.000000
1177	389	1	-2296	-3391	 3794	 561	 0.000000	-0.735078	-0.468828	 0.001000	 1.000000	 0.054902	 0.709804	 0.874510	 1.000000
1178	390	1	-4030	 727	 3809	 567	 0.000000	-0.733087	-0.471491	 0.001000	 1.000000	 0.054902	 0.709804	 0.874510	 1.000000
1179	388	1	-4095	-79	 3798	 556	 0.000000	-0.734819	-0.468667	 0.001000	 1.000000	 0.054902	 0.709804	 0.874510	 1.000000
1180	390	1	-4030	 727	 3809	 567	 0.000000	-0.733087	-0.471491	 0.001000	 1.000000	 0.054902	 0.709804	 0.874510	 1.000000
1181	391	1	-4095	 17	 3812	 567	 0.000000	-0.732631	-0.471275	 0.001000	 1.000000	 0.054902	 0.709804	 0.874510	 1.000000
1182	391	1	-4095	 17	 3812	 567	 0.000000	-0.732631	-0.471275	 0.001000	 1.000000	 0.054902	 0.709804	 0.874510	 1.000000
1183	390	1	-4030	 727	 3809	 567	 0.000000	-0.733087	-0.471491	 0.001000	 1.000000	 0.054902	 0.709804	 0.874510	 1.000000
1184	396	1	-2207	-3450	 3802	 575	 0.000000	-0.733810	-0.472092	 0.001000	 1.000000	 0.054902	 0.709804	 0.874510	 1.000000
1185	396	1	-2207	-3450	 3802	 575	 0.000000	-0.733810	-0.472092	 0.001000	 1.000000	 0.054902	 0.709804	 0.874510	 1.000000
1186	390	1	-4030	 727	 3809	 567	 0.000000	-0.733087	-0.471491	 0.001000	 1.000000	 0.054902	 0.709804	 0.874510	 1.000000
1187	399	1	-305	 4084	 3798	 577	 0.000000	-0.734048	-0.474860	 0.001000	 1.000000	 0.054902	 0.709804	 0.874510	 1.000000
1188	394	1	 4079	 369	 3794	 573	 0.000000	-0.733781	-0.472788	 0.001000	 1.000000	 0.054902	 0.709804	 0.874510	 1.000000
1189	393	1	-2486	 3255	 3781	 572	 0.000000	-0.737148	-0.473435	 0.001000	 1.000000	 0.054902	 0.709804	 0.874510	 1.000000
1190	395	1	-4096	 0	 3793	 574	 0.000000	-0.735600	-0.472910	 0.001000	 1.000000	 0.054902	 0.709804	 0.874510	 1.000000
1191	395	1	-4096	 0	 3793	 574	 0.000000	-0.735600	-0.472910	 0.001000	 1.000000	 0.054902	 0.709804	 0.874510	 1.000000
1192	393	1	-2486	 3255	 3781	 572	 0.000000	-0.737148	-0.473435	 0.001000	 1.000000	 0.054902	 0.709804	 0.874510	 1.000000
1193	397	1	-1567	 3784	 3795	 576	 0.000000	-0.734773	-0.474534	 0.001000	 1.000000	 0.054902	 0.709804	 0.874510	 1.000000
1194	398	1	 3611	 1932	 3796	 576	 0.000000	-0.733563	-0.473969	 0.001000	 1.000000	 0.054902	 0.709804	 0.874510	 1.000000
1195	397	1	-1567	 3784	 3795	 576	 0.000000	-0.734773	-0.474534	 0.001000	 1.000000	 0.054902	 0.709804	 0.874510	 1.000000
1196	399	1	-305	 4084	 3798	 577	 0.000000	-0.734048	-0.474860	 0.001000	 1.000000	 0.054902	 0.709804	 0.874510	 1.000000
1197	397	1	-1567	 3784	 3795	 576	 0.000000	-0.734773	-0.474534	 0.001000	 1.000000	 0.054902	 0.709804	 0.874510	 1.000000
1198	393	1	-2486	 3255	 3781	 572	 0.000000	-0.737148	-0.473435	 0.001000	 1.000000	 0.054902	 0.709804	 0.874510	 1.000000
1199	399	1	-305	 4084	 3798	 577	 0.000000	-0.734048	-0.474860	 0.001000	 1.000000	 0.054902	 0.709804	 0.874510	 1.000000
1200	399	1	-305	 4084	 3798	 577	 0.000000	-0.734048	-0.474860	 0.001000	 1.000000	 0.054902	 0.709804	 0.874510	 1.000000
1201	393	1	-2486	 3255	 3781	 572	 0.000000	-0.737148	-0.473435	 0.001000	 1.000000	 0.054902	 0.709804	 0.874510	 1.000000
1202	400	1	-2740	 3044	 3776	 587	 0.000000	-0.737981	-0.476886	 0.001000	 1.000000	 0.054902	 0.709804	 0.874510	 1.000000
1203	393	1	-2486	 3255	 3781	 572	 0.000000	-0.737148	-0.473435	 0.001000	 1.000000	 0.054902	 0.709804	 0.874510	 1.000000
1204	401	1	 3142	 2627	 3705	 596	 0.000000	-0.747878	-0.478868	 0.001000	 1.000000	 0.054902	 0.709804	 0.874510	 1.000000
1205	403	1	-2419	 3304	 3709	 597	 0.000000	-0.748384	-0.479309	 0.001000	 1.000000	 0.054902	 0.709804	 0.874510	 1.000000
1206	393	1	-2486	 3255	 3781	 572	 0.000000	-0.737148	-0.473435	 0.001000	 1.000000	 0.054902	 0.709804	 0.874510	 1.000000
1207	403	1	-2419	 3304	 3709	 597	 0.000000	-0.748384	-0.479309	 0.001000	 1.000000	 0.054902	 0.709804	 0.874510	 1.000000
1208	404	1	-4068	 469	 3717	 610	 0.000000	-0.747469	-0.481491	 0.001000	 1.000000	 0.054902	 0.709804	 0.874510	 1.000000
1209	393	1	-2486	 3255	 3781	 572	 0.000000	-0.737148	-0.473435	 0.001000	 1.000000	 0.054902	 0.709804	 0.874510	 1.000000
1210	404	1	-4068	 469	 3717	 610	 0.000000	-0.747469	-0.481491	 0.001000	 1.000000	 0.054902	 0.709804	 0.874510	 1.000000
1211	405	1	-3784	 1567	 3716	 613	 0.000000	-0.747568	-0.482529	 0.001000	 1.000000	 0.054902	 0.709804	 0.874510	 1.000000
1212	393	1	-2486	 3255	 3781	 572	 0.000000	-0.737148	-0.473435	 0.001000	 1.000000	 0.054902	 0.709804	 0.874510	 1.000000
1213	405	1	-3784	 1567	 3716	 613	 0.000000	-0.747568	-0.482529	 0.001000	 1.000000	 0.054902	 0.709804	 0.874510	 1.000000
1214	406	1	 254	 4088	 3718	 614	 0.000000	-0.746434	-0.483533	 0.001000	 1.000000	 0.054902	 0.709804	 0.874510	 1.000000
1215	401	1	 3142	 2627	 3705	 596	 0.000000	-0.747878	-0.478868	 0.001000	 1.000000	 0.054902	 0.709804	 0.874510	 1.000000
1216	402	1	 1436	 3835	 3703	 597	 0.000000	-0.748537	-0.479471	 0.001000	 1.000000	 0.054902	 0.709804	 0.874510	 1.000000
1217	407	1	 1868	 3644	 3714	 616	 0.000000	-0.746731	-0.483866	 0.001000	 1.000000	 0.054902	 0.709804	 0.874510	 1.000000
1218	415	1	 2769	 3017	 3560	 781	 0.000000	-0.770610	-0.522346	 0.001000	 1.000000	 0.054902	 0.709804	 0.874510	 1.000000
1219	416	1	 3701	 1754	 3530	 800	 0.000000	-0.775108	-0.526414	 0.001000	 1.000000	 0.054902	 0.709804	 0.874510	 1.000000
1220	417	1	 2011	 3568	 3550	 802	 0.000000	-0.772326	-0.527436	 0.001000	 1.000000	 0.054902	 0.709804	 0.874510	 1.000000
1221	416	1	 3701	 1754	 3530	 800	 0.000000	-0.775108	-0.526414	 0.001000	 1.000000	 0.054902	 0.709804	 0.874510	 1.000000
1222	418	1	 3110	 2665	 3530	 804	 0.000000	-0.775228	-0.527630	 0.001000	 1.000000	 0.054902	 0.709804	 0.874510	 1.000000
1223	419	1	 3270	 2466	 3539	 809	 0.000000	-0.773789	-0.528741	 0.001000	 1.000000	 0.054902	 0.709804	 0.874510	 1.000000
1224	382	1	 1648	 3749	 3531	 489	 0.000000	-0.775369	-0.454132	 0.001000	 1.000000	 0.054902	 0.709804	 0.874510	 1.000000
1225	380	1	 617	 4049	 3512	 484	 0.000000	-0.778548	-0.453052	 0.001000	 1.000000	 0.054902	 0.709804	 0.874510	 1.000000
1226	387	1	 2772	 3014	 3437	 531	 0.000000	-0.789828	-0.463752	 0.001000	 1.000000	 0.054902	 0.709804	 0.874510	 1.000000
1227	386	1	-3438	-2226	 3867	 506	 0.000000	-0.723904	-0.456293	 0.001000	 1.000000	 0.054902	 0.709804	 0.874510	 1.000000
1228	382	1	 1648	 3749	 3531	 489	 0.000000	-0.775369	-0.454132	 0.001000	 1.000000	 0.054902	 0.709804	 0.874510	 1.000000
1229	387	1	 2772	 3014	 3437	 531	 0.000000	-0.789828	-0.463752	 0.001000	 1.000000	 0.054902	 0.709804	 0.874510	 1.000000
1230	386	1	-3438	-2226	 3867	 506	 0.000000	-0.723904	-0.456293	 0.001000	 1.000000	 0.054902	 0.709804	 0.874510	 1.000000
1231	387	1	 2772	 3014	 3437	 531	 0.000000	-0.789828	-0.463752	 0.001000	 1.000000	 0.054902	 0.709804	 0.874510	 1.000000
1232	388	1	-4095	-79	 3798	 556	 0.000000	-0.734819	-0.468667	 0.001000	 1.000000	 0.054902	 0.709804	 0.874510	 1.000000
1233	388	1	-4095	-79	 3798	 556	 0.000000	-0.734819	-0.468667	 0.001000	 1.000000	 0.054902	 0.709804	 0.874510	 1.000000
1234	387	1	 2772	 3014	 3437	 531	 0.000000	-0.789828	-0.463752	 0.001000	 1.000000	 0.054902	 0.709804	 0.874510	 1.000000
1235	389	1	-2296	-3391	 3794	 561	 0.000000	-0.735078	-0.468828	 0.001000	 1.000000	 0.054902	 0.709804	 0.874510	 1.000000
1236	392	1	-3920	 1186	 3794	 571	 0.000000	-0.735408	-0.472569	 0.001000	 1.000000	 0.054902	 0.709804	 0.874510	 1.000000
1237	389	1	-2296	-3391	 3794	 561	 0.000000	-0.735078	-0.468828	 0.001000	 1.000000	 0.054902	 0.709804	 0.874510	 1.000000
1238	393	1	-2486	 3255	 3781	 572	 0.000000	-0.737148	-0.473435	 0.001000	 1.000000	 0.054902	 0.709804	 0.874510	 1.000000
1239	389	1	-2296	-3391	 3794	 561	 0.000000	-0.735078	-0.468828	 0.001000	 1.000000	 0.054902	 0.709804	 0.874510	 1.000000
1240	387	1	 2772	 3014	 3437	 531	 0.000000	-0.789828	-0.463752	 0.001000	 1.000000	 0.054902	 0.709804	 0.874510	 1.000000
1241	393	1	-2486	 3255	 3781	 572	 0.000000	-0.737148	-0.473435	 0.001000	 1.000000	 0.054902	 0.709804	 0.874510	 1.000000
1242	393	1	-2486	 3255	 3781	 572	 0.000000	-0.737148	-0.473435	 0.001000	 1.000000	 0.054902	 0.709804	 0.874510	 1.000000
1243	387	1	 2772	 3014	 3437	 531	 0.000000	-0.789828	-0.463752	 0.001000	 1.000000	 0.054902	 0.709804	 0.874510	 1.000000
1244	401	1	 3142	 2627	 3705	 596	 0.000000	-0.747878	-0.478868	 0.001000	 1.000000	 0.054902	 0.709804	 0.874510	 1.000000
1245	401	1	 3142	 2627	 3705	 596	 0.000000	-0.747878	-0.478868	 0.001000	 1.000000	 0.054902	 0.709804	 0.874510	 1.000000
1246	387	1	 2772	 3014	 3437	 531	 0.000000	-0.789828	-0.463752	 0.001000	 1.000000	 0.054902	 0.709804	 0.874510	 1.000000
1247	402	1	 1436	 3835	 3703	 597	 0.000000	-0.748537	-0.479471	 0.001000	 1.000000	 0.054902	 0.709804	 0.874510	 1.000000
1248	402	1	 1436	 3835	 3703	 597	 0.000000	-0.748537	-0.479471	 0.001000	 1.000000	 0.054902	 0.709804	 0.874510	 1.000000
1249	387	1	 2772	 3014	 3437	 531	 0.000000	-0.789828	-0.463752	 0.001000	 1.000000	 0.054902	 0.709804	 0.874510	 1.000000
1250	408	1	 3657	 1844	 3710	 633	 0.000000	-0.746992	-0.487301	 0.001000	 1.000000	 0.054902	 0.709804	 0.874510	 1.000000
1251	408	1	 3657	 1844	 3710	 633	 0.000000	-0.746992	-0.487301	 0.001000	 1.000000	 0.054902	 0.709804	 0.874510	 1.000000
1252	387	1	 2772	 3014	 3437	 531	 0.000000	-0.789828	-0.463752	 0.001000	 1.000000	 0.054902	 0.709804	 0.874510	 1.000000
1253	409	1	 2003	 3572	 3359	 635	 0.000000	-0.802172	-0.488297	 0.001000	 1.000000	 0.054902	 0.709804	 0.874510	 1.000000
1254	408	1	 3657	 1844	 3710	 633	 0.000000	-0.746992	-0.487301	 0.001000	 1.000000	 0.054902	 0.709804	 0.874510	 1.000000
1255	409	1	 2003	 3572	 3359	 635	 0.000000	-0.802172	-0.488297	 0.001000	 1.000000	 0.054902	 0.709804	 0.874510	 1.000000
1256	411	1	 2574	 3186	 3689	 643	 0.000000	-0.750493	-0.490054	 0.001000	 1.000000	 0.054902	 0.709804	 0.874510	 1.000000
1257	409	1	 2003	 3572	 3359	 635	 0.000000	-0.802172	-0.488297	 0.001000	 1.000000	 0.054902	 0.709804	 0.874510	 1.000000
1258	410	1	 1966	 3592	 3338	 637	 0.000000	-0.805461	-0.488772	 0.001000	 1.000000	 0.054902	 0.709804	 0.874510	 1.000000
1259	412	1	 3555	 2033	 3320	 660	 0.000000	-0.807950	-0.493687	 0.001000	 1.000000	 0.054902	 0.709804	 0.874510	 1.000000
1260	409	1	 2003	 3572	 3359	 635	 0.000000	-0.802172	-0.488297	 0.001000	 1.000000	 0.054902	 0.709804	 0.874510	 1.000000
1261	412	1	 3555	 2033	 3320	 660	 0.000000	-0.807950	-0.493687	 0.001000	 1.000000	 0.054902	 0.709804	 0.874510	 1.000000
1262	413	1	 3181	 2579	 3283	 754	 0.000000	-0.813807	-0.515885	 0.001000	 1.000000	 0.054902	 0.709804	 0.874510	 1.000000
1263	411	1	 2574	 3186	 3689	 643	 0.000000	-0.750493	-0.490054	 0.001000	 1.000000	 0.054902	 0.709804	 0.874510	 1.000000
1264	409	1	 2003	 3572	 3359	 635	 0.000000	-0.802172	-0.488297	 0.001000	 1.000000	 0.054902	 0.709804	 0.874510	 1.000000
1265	413	1	 3181	 2579	 3283	 754	 0.000000	-0.813807	-0.515885	 0.001000	 1.000000	 0.054902	 0.709804	 0.874510	 1.000000
1266	414	1	 2435	 3293	 3592	 769	 0.000000	-0.765678	-0.519618	 0.001000	 1.000000	 0.054902	 0.709804	 0.874510	 1.000000
1267	411	1	 2574	 3186	 3689	 643	 0.000000	-0.750493	-0.490054	 0.001000	 1.000000	 0.054902	 0.709804	 0.874510	 1.000000
1268	415	1	 2769	 3017	 3560	 781	 0.000000	-0.770610	-0.522346	 0.001000	 1.000000	 0.054902	 0.709804	 0.874510	 1.000000
1269	411	1	 2574	 3186	 3689	 643	 0.000000	-0.750493	-0.490054	 0.001000	 1.000000	 0.054902	 0.709804	 0.874510	 1.000000
1270	413	1	 3181	 2579	 3283	 754	 0.000000	-0.813807	-0.515885	 0.001000	 1.000000	 0.054902	 0.709804	 0.874510	 1.000000
1271	415	1	 2769	 3017	 3560	 781	 0.000000	-0.770610	-0.522346	 0.001000	 1.000000	 0.054902	 0.709804	 0.874510	 1.000000
1272	415	1	 2769	 3017	 3560	 781	 0.000000	-0.770610	-0.522346	 0.001000	 1.000000	 0.054902	 0.709804	 0.874510	 1.000000
1273	413	1	 3181	 2579	 3283	 754	 0.000000	-0.813807	-0.515885	 0.001000	 1.000000	 0.054902	 0.709804	 0.874510	 1.000000
1274	416	1	 3701	 1754	 3530	 800	 0.000000	-0.775108	-0.526414	 0.001000	 1.000000	 0.054902	 0.709804	 0.874510	 1.000000
1275	416	1	 3701	 1754	 3530	 800	 0.000000	-0.775108	-0.526414	 0.001000	 1.000000	 0.054902	 0.709804	 0.874510	 1.000000
1276	413	1	 3181	 2579	 3283	 754	 0.000000	-0.813807	-0.515885	 0.001000	 1.000000	 0.054902	 0.709804	 0.874510	 1.000000
1277	418	1	 3110	 2665	 3530	 804	 0.000000	-0.775228	-0.527630	 0.001000	 1.000000	 0.054902	 0.709804	 0.874510	 1.000000
1278	413	1	 3181	 2579	 3283	 754	 0.000000	-0.813807	-0.515885	 0.001000	 1.000000	 0.054902	 0.709804	 0.874510	 1.000000
1279	421	1	 2836	 2955	 3180	 822	 0.000000	-0.829971	-0.531937	 0.001000	 1.000000	 0.054902	 0.709804	 0.874510	 1.000000
1280	423	1	 2771	 3015	 3149	 865	 0.000000	-0.834828	-0.542033	 0.001000	 1.000000	 0.054902	 0.709804	 0.874510	 1.000000
1281	418	1	 3110	 2665	 3530	 804	 0.000000	-0.775228	-0.527630	 0.001000	 1.000000	 0.054902	 0.709804	 0.874510	 1.000000
1282	413	1	 3181	 2579	 3283	 754	 0.000000	-0.813807	-0.515885	 0.001000	 1.000000	 0.054902	 0.709804	 0.874510	 1.000000
1283	423	1	 2771	 3015	 3149	 865	 0.000000	-0.834828	-0.542033	 0.001000	 1.000000	 0.054902	 0.709804	 0.874510	 1.000000
1284	420	1	 4091	 184	 3537	 813	 0.000000	-0.773935	-0.528982	 0.001000	 1.000000	 0.054902	 0.709804	 0.874510	 1.000000
1285	418	1	 3110	 2665	 3530	 804	 0.000000	-0.775228	-0.527630	 0.001000	 1.000000	 0.054902	 0.709804	 0.874510	 1.000000
1286	422	1	 2510	 3236	 3523	 828	 0.000000	-0.776444	-0.533429	 0.001000	 1.000000	 0.054902	 0.709804	 0.874510	 1.000000
1287	418	1	 3110	 2665	 3530	 804	 0.000000	-0.775228	-0.527630	 0.001000	 1.000000	 0.054902	 0.709804	 0.874510	 1.000000
1288	424	1	 2572	 3187	 3424	 882	 0.000000	-0.791900	-0.546070	 0.001000	 1.000000	 0.054902	 0.709804	 0.874510	 1.000000
1289	422	1	 2510	 3236	 3523	 828	 0.000000	-0.776444	-0.533429	 0.001000	 1.000000	 0.054902	 0.709804	 0.874510	 1.000000
1290	418	1	 3110	 2665	 3530	 804	 0.000000	-0.775228	-0.527630	 0.001000	 1.000000	 0.054902	 0.709804	 0.874510	 1.000000
1291	423	1	 2771	 3015	 3149	 865	 0.000000	-0.834828	-0.542033	 0.001000	 1.000000	 0.054902	 0.709804	 0.874510	 1.000000
1292	424	1	 2572	 3187	 3424	 882	 0.000000	-0.791900	-0.546070	 0.001000	 1.000000	 0.054902	 0.709804	 0.874510	 1.000000
1293	423	1	 2771	 3015	 3149	 865	 0.000000	-0.834828	-0.542033	 0.001000	 1.000000	 0.054902	 0.709804	 0.874510	 1.000000
1294	425	1	 2705	 3075	 3094	 898	 0.000000	-0.843435	-0.549786	 0.001000	 1.000000	 0.054902	 0.709804	 0.874510	 1.000000
1295	427	1	 2467	 3269	 3064	 936	 0.000000	-0.848171	-0.558752	 0.001000	 1.000000	 0.054902	 0.709804	 0.874510	 1.000000
1296	423	1	 2771	 3015	 3149	 865	 0.000000	-0.834828	-0.542033	 0.001000	 1.000000	 0.054902	 0.709804	 0.874510	 1.000000
1297	427	1	 2467	 3269	 3064	 936	 0.000000	-0.848171	-0.558752	 0.001000	 1.000000	 0.054902	 0.709804	 0.874510	 1.000000
1298	428	1	 929	 3989	 3369	 943	 0.000000	-0.800828	-0.560612	 0.001000	 1.000000	 0.054902	 0.709804	 0.874510	 1.000000
1299	424	1	 2572	 3187	 3424	 882	 0.000000	-0.791900	-0.546070	 0.001000	 1.000000	 0.054902	 0.709804	 0.874510	 1.000000
1300	423	1	 2771	 3015	 3149	 865	 0.000000	-0.834828	-0.542033	 0.001000	 1.000000	 0.054902	 0.709804	 0.874510	 1.000000
1301	426	1	 3961	 1042	 3380	 933	 0.000000	-0.798492	-0.557369	 0.001000	 1.000000	 0.054902	 0.709804	 0.874510	 1.000000
1302	426	1	 3961	 1042	 3380	 933	 0.000000	-0.798492	-0.557369	 0.001000	 1.000000	 0.054902	 0.709804	 0.874510	 1.000000
1303	423	1	 2771	 3015	 3149	 865	 0.000000	-0.834828	-0.542033	 0.001000	 1.000000	 0.054902	 0.709804	 0.874510	 1.000000
1304	428	1	 929	 3989	 3369	 943	 0.000000	-0.800828	-0.560612	 0.001000	 1.000000	 0.054902	 0.709804	 0.874510	 1.000000
1305	426	1	 3961	 1042	 3380	 933	 0.000000	-0.798492	-0.557369	 0.001000	 1.000000	 0.054902	 0.709804	 0.874510	 1.000000
1306	428	1	 929	 3989	 3369	 943	 0.000000	-0.800828	-0.560612	 0.001000	 1.000000	 0.054902	 0.709804	 0.874510	 1.000000
1307	429	1	 2677	 3099	 3383	 948	 0.000000	-0.798285	-0.561512	 0.001000	 1.000000	 0.054902	 0.709804	 0.874510	 1.000000
1308	432	1	-246	 4088	 3251	 990	 0.000000	-0.819504	-0.571658	 0.001000	 1.000000	 0.054902	 0.709804	 0.874510	 1.000000
1309	431	1	 98	 4094	 3211	 990	 0.000000	-0.825684	-0.571660	 0.001000	 1.000000	 0.054902	 0.709804	 0.874510	 1.000000
1310	433	1	 748	 4027	 3239	 1001	 0.000000	-0.821177	-0.574217	 0.001000	 1.000000	 0.054902	 0.709804	 0.874510	 1.000000
1311	428	1	 929	 3989	 3369	 943	 0.000000	-0.800828	-0.560612	 0.001000	 1.000000	 0.054902	 0.709804	 0.874510	 1.000000
1312	427	1	 2467	 3269	 3064	 936	 0.000000	-0.848171	-0.558752	 0.001000	 1.000000	 0.054902	 0.709804	 0.874510	 1.000000
1313	430	1	 2050	 3545	 3013	 957	 0.000000	-0.856225	-0.563758	 0.001000	 1.000000	 0.054902	 0.709804	 0.874510	 1.000000
1314	430	1	 2050	 3545	 3013	 957	 0.000000	-0.856225	-0.563758	 0.001000	 1.000000	 0.054902	 0.709804	 0.874510	 1.000000
1315	431	1	 98	 4094	 3211	 990	 0.000000	-0.825684	-0.571660	 0.001000	 1.000000	 0.054902	 0.709804	 0.874510	 1.000000
1316	432	1	-246	 4088	 3251	 990	 0.000000	-0.819504	-0.571658	 0.001000	 1.000000	 0.054902	 0.709804	 0.874510	 1.000000
1317	428	1	 929	 3989	 3369	 943	 0.000000	-0.800828	-0.560612	 0.001000	 1.000000	 0.054902	 0.709804	 0.874510	 1.000000
1318	430	1	 2050	 3545	 3013	 957	 0.000000	-0.856225	-0.563758	 0.001000	 1.000000	 0.054902	 0.709804	 0.874510	 1.000000
1319	432	1	-246	 4088	 3251	 990	 0.000000	-0.819504	-0.571658	 0.001000	 1.000000	 0.054902	 0.709804	 0.874510	 1.000000
1320	428	1	 929	 3989	 3369	 943	 0.000000	-0.800828	-0.560612	 0.001000	 1.000000	 0.054902	 0.709804	 0.874510	 1.000000
1321	432	1	-246	 4088	 3251	 990	 0.000000	-0.819504	-0.571658	 0.001000	 1.000000	 0.054902	 0.709804	 0.874510	 1.000000
1322	435	1	 1748	 3704	 3306	 1008	 0.000000	-0.810505	-0.575759	 0.001000	 1.000000	 0.054902	 0.709804	 0.874510	 1.000000
1323	435	1	 1748	 3704	 3306	 1008	 0.000000	-0.810505	-0.575759	 0.001000	 1.000000	 0.054902	 0.709804	 0.874510	 1.000000
1324	432	1	-246	 4088	 3251	 990	 0.000000	-0.819504	-0.571658	 0.001000	 1.000000	 0.054902	 0.709804	 0.874510	 1.000000
1325	436	1	-1559	 3787	 3269	 1011	 0.000000	-0.816959	-0.576488	 0.001000	 1.000000	 0.054902	 0.709804	 0.874510	 1.000000
1326	431	1	 98	 4094	 3211	 990	 0.000000	-0.825684	-0.571660	 0.001000	 1.000000	 0.054902	 0.709804	 0.874510	 1.000000
1327	430	1	 2050	 3545	 3013	 957	 0.000000	-0.856225	-0.563758	 0.001000	 1.000000	 0.054902	 0.709804	 0.874510	 1.000000
1328	434	1	 3339	 2371	 2947	 1008	 0.000000	-0.866275	-0.575352	 0.001000	 1.000000	 0.054902	 0.709804	 0.874510	 1.000000
1329	431	1	 98	 4094	 3211	 990	 0.000000	-0.825684	-0.571660	 0.001000	 1.000000	 0.054902	 0.709804	 0.874510	 1.000000
1330	434	1	 3339	 2371	 2947	 1008	 0.000000	-0.866275	-0.575352	 0.001000	 1.000000	 0.054902	 0.709804	 0.874510	 1.000000
1331	437	1	 1963	 3594	 3136	 1014	 0.000000	-0.837024	-0.577132	 0.001000	 1.000000	 0.054902	 0.709804	 0.874510	 1.000000
1332	431	1	 98	 4094	 3211	 990	 0.000000	-0.825684	-0.571660	 0.001000	 1.000000	 0.054902	 0.709804	 0.874510	 1.000000
1333	437	1	 1963	 3594	 3136	 1014	 0.000000	-0.837024	-0.577132	 0.001000	 1.000000	 0.054902	 0.709804	 0.874510	 1.000000
1334	438	1	-893	 3997	 3142	 1021	 0.000000	-0.836667	-0.578896	 0.001000	 1.000000	 0.054902	 0.709804	 0.874510	 1.000000
1335	441	1	-3954	-1066	 3110	 1028	 0.000000	-0.842290	-0.578991	 0.001000	 1.000000	 0.054902	 0.709804	 0.874510	 1.000000
1336	440	1	 4080	-357	 2941	 1026	 0.000000	-0.867062	-0.578739	 0.001000	 1.000000	 0.054902	 0.709804	 0.874510	 1.000000
1337	442	1	-3784	-1567	 3108	 1030	 0.000000	-0.842568	-0.579307	 0.001000	 1.000000	 0.054902	 0.709804	 0.874510	 1.000000
1338	442	1	-3784	-1567	 3108	 1030	 0.000000	-0.842568	-0.579307	 0.001000	 1.000000	 0.054902	 0.709804	 0.874510	 1.000000
1339	440	1	 4080	-357	 2941	 1026	 0.000000	-0.867062	-0.578739	 0.001000	 1.000000	 0.054902	 0.709804	 0.874510	 1.000000
1340	444	1	-2394	 3322	 3108	 1031	 0.000000	-0.842285	-0.581033	 0.001000	 1.000000	 0.054902	 0.709804	 0.874510	 1.000000
1341	444	1	-2394	 3322	 3108	 1031	 0.000000	-0.842285	-0.581033	 0.001000	 1.000000	 0.054902	 0.709804	 0.874510	 1.000000
1342	440	1	 4080	-357	 2941	 1026	 0.000000	-0.867062	-0.578739	 0.001000	 1.000000	 0.054902	 0.709804	 0.874510	 1.000000
1343	445	1	 2907	-2885	 2967	 1074	 0.000000	-0.863238	-0.589217	 0.001000	 1.000000	 0.054902	 0.709804	 0.874510	 1.000000
1344	437	1	 1963	 3594	 3136	 1014	 0.000000	-0.837024	-0.577132	 0.001000	 1.000000	 0.054902	 0.709804	 0.874510	 1.000000
1345	434	1	 3339	 2371	 2947	 1008	 0.000000	-0.866275	-0.575352	 0.001000	 1.000000	 0.054902	 0.709804	 0.874510	 1.000000
1346	439	1	 3794	 1542	 3139	 1024	 0.000000	-0.836182	-0.578849	 0.001000	 1.000000	 0.054902	 0.709804	 0.874510	 1.000000
1347	439	1	 3794	 1542	 3139	 1024	 0.000000	-0.836182	-0.578849	 0.001000	 1.000000	 0.054902	 0.709804	 0.874510	 1.000000
1348	434	1	 3339	 2371	 2947	 1008	 0.000000	-0.866275	-0.575352	 0.001000	 1.000000	 0.054902	 0.709804	 0.874510	 1.000000
1349	440	1	 4080	-357	 2941	 1026	 0.000000	-0.867062	-0.578739	 0.001000	 1.000000	 0.054902	 0.709804	 0.874510	 1.000000
1350	439	1	 3794	 1542	 3139	 1024	 0.000000	-0.836182	-0.578849	 0.001000	 1.000000	 0.054902	 0.709804	 0.874510	 1.000000
1351	440	1	 4080	-357	 2941	 1026	 0.000000	-0.867062	-0.578739	 0.001000	 1.000000	 0.054902	 0.709804	 0.874510	 1.000000
1352	441	1	-3954	-1066	 3110	 1028	 0.000000	-0.842290	-0.578991	 0.001000	 1.000000	 0.054902	 0.709804	 0.874510	 1.000000
1353	439	1	 3794	 1542	 3139	 1024	 0.000000	-0.836182	-0.578849	 0.001000	 1.000000	 0.054902	 0.709804	 0.874510	 1.000000
1354	441	1	-3954	-1066	 3110	 1028	 0.000000	-0.842290	-0.578991	 0.001000	 1.000000	 0.054902	 0.709804	 0.874510	 1.000000
1355	443	1	-3784	-1567	 3111	 1030	 0.000000	-0.842099	-0.579307	 0.001000	 1.000000	 0.054902	 0.709804	 0.874510	 1.000000
1356	439	1	 3794	 1542	 3139	 1024	 0.000000	-0.836182	-0.578849	 0.001000	 1.000000	 0.054902	 0.709804	 0.874510	 1.000000
1357	443	1	-3784	-1567	 3111	 1030	 0.000000	-0.842099	-0.579307	 0.001000	 1.000000	 0.054902	 0.709804	 0.874510	 1.000000
1358	444	1	-2394	 3322	 3108	 1031	 0.000000	-0.842285	-0.581033	 0.001000	 1.000000	 0.054902	 0.709804	 0.874510	 1.000000
1359	444	1	-2394	 3322	 3108	 1031	 0.000000	-0.842285	-0.581033	 0.001000	 1.000000	 0.054902	 0.709804	 0.874510	 1.000000
1360	445	1	 2907	-2885	 2967	 1074	 0.000000	-0.863238	-0.589217	 0.001000	 1.000000	 0.054902	 0.709804	 0.874510	 1.000000
1361	446	1	 3523	-2088	 3037	 1078	 0.000000	-0.852175	-0.590398	 0.001000	 1.000000	 0.054902	 0.709804	 0.874510	 1.000000
1362	439	1	 3794	 1542	 3139	 1024	 0.000000	-0.836182	-0.578849	 0.001000	 1.000000	 0.054902	 0.709804	 0.874510	 1.000000
1363	444	1	-2394	 3322	 3108	 1031	 0.000000	-0.842285	-0.581033	 0.001000	 1.000000	 0.054902	 0.709804	 0.874510	 1.000000
1364	446	1	 3523	-2088	 3037	 1078	 0.000000	-0.852175	-0.590398	 0.001000	 1.000000	 0.054902	 0.709804	 0.874510	 1.000000
1365	439	1	 3794	 1542	 3139	 1024	 0.000000	-0.836182	-0.578849	 0.001000	 1.000000	 0.054902	 0.709804	 0.874510	 1.000000
1366	446	1	 3523	-2088	 3037	 1078	 0.000000	-0.852175	-0.590398	 0.001000	 1.000000	 0.054902	 0.709804	 0.874510	 1.000000
1367	447	1	 3270	-2466	 3031	 1084	 0.000000	-0.853164	-0.591689	 0.001000	 1.000000	 0.054902	 0.709804	 0.874510	 1.000000
1368	446	1	 3523	-2088	 3037	 1078	 0.000000	-0.852175	-0.590398	 0.001000	 1.000000	 0.054902	 0.709804	 0.874510	 1.000000
1369	445	1	 2907	-2885	 2967	 1074	 0.000000	-0.863238	-0.589217	 0.001000	 1.000000	 0.054902	 0.709804	 0.874510	 1.000000
1370	448	1	 448	-4071	 2996	 1090	 0.000000	-0.859207	-0.592605	 0.001000	 1.000000	 0.054902	 0.709804	 0.874510	 1.000000
1371	450	1	 4093	-149	 1702	 892	 0.000000	-1.060653	-0.547396	 0.001000	 1.000000	 0.054902	 0.709804	 0.874510	 1.000000
1372	449	1	 0	 0	 1680	 873	 0.000000	-1.064923	-0.542988	 0.001000	 1.000000	 0.054902	 0.709804	 0.874510	 1.000000
1373	451	1	 3990	-922	 1656	 899	 0.000000	-1.067861	-0.548801	 0.001000	 1.000000	 0.054902	 0.709804	 0.874510	 1.000000
1374	450	1	 4093	-149	 1702	 892	 0.000000	-1.060653	-0.547396	 0.001000	 1.000000	 0.054902	 0.709804	 0.874510	 1.000000
1375	451	1	 3990	-922	 1656	 899	 0.000000	-1.067861	-0.548801	 0.001000	 1.000000	 0.054902	 0.709804	 0.874510	 1.000000
1376	452	1	 3455	-2198	 1674	 906	 0.000000	-1.065158	-0.550052	 0.001000	 1.000000	 0.054902	 0.709804	 0.874510	 1.000000
1377	450	1	 4093	-149	 1702	 892	 0.000000	-1.060653	-0.547396	 0.001000	 1.000000	 0.054902	 0.709804	 0.874510	 1.000000
1378	452	1	 3455	-2198	 1674	 906	 0.000000	-1.065158	-0.550052	 0.001000	 1.000000	 0.054902	 0.709804	 0.874510	 1.000000
1379	453	1	 1692	-3729	 1673	 921	 0.000000	-1.065673	-0.553100	 0.001000	 1.000000	 0.054902	 0.709804	 0.874510	 1.000000
1380	457	1	-4004	 861	 30	 2962	 0.000000	-1.323550	-1.032860	 0.001000	 1.000000	 0.054902	 0.709804	 0.874510	 1.000000
1381	456	1	-2571	-3187	 27	 2959	 0.000000	-1.323727	-1.030922	 0.001000	 1.000000	 0.054902	 0.709804	 0.874510	 1.000000
1382	458	1	-3556	-2031	 26	 2965	 0.000000	-1.324084	-1.032681	 0.001000	 1.000000	 0.054902	 0.709804	 0.874510	 1.000000
1383	458	1	-3556	-2031	 26	 2965	 0.000000	-1.324084	-1.032681	 0.001000	 1.000000	 0.054902	 0.709804	 0.874510	 1.000000
1384	456	1	-2571	-3187	 27	 2959	 0.000000	-1.323727	-1.030922	 0.001000	 1.000000	 0.054902	 0.709804	 0.874510	 1.000000
1385	464	1	-862	-4004	 17	 2975	 0.000000	-1.324942	-1.034423	 0.001000	 1.000000	 0.054902	 0.709804	 0.874510	 1.000000
1386	463	1	-2031	 3556	 25	 2974	 0.000000	-1.323930	-1.036495	 0.001000	 1.000000	 0.054902	 0.709804	 0.874510	 1.000000
1387	458	1	-3556	-2031	 26	 2965	 0.000000	-1.324084	-1.032681	 0.001000	 1.000000	 0.054902	 0.709804	 0.874510	 1.000000
1388	464	1	-862	-4004	 17	 2975	 0.000000	-1.324942	-1.034423	 0.001000	 1.000000	 0.054902	 0.709804	 0.874510	 1.000000
1389	454	1	 1020	-3966	 32	 2912	 0.000000	-1.322216	-1.019669	 0.001000	 1.000000	 0.054902	 0.709804	 0.874510	 1.000000
1390	459	1	 4054	 579	 5	 2966	 0.000000	-1.325817	-1.033712	 0.001000	 1.000000	 0.054902	 0.709804	 0.874510	 1.000000
1391	461	1	 3922	-1179	 8	 2969	 0.000000	-1.325375	-1.033878	 0.001000	 1.000000	 0.054902	 0.709804	 0.874510	 1.000000
1392	461	1	 3922	-1179	 8	 2969	 0.000000	-1.325375	-1.033878	 0.001000	 1.000000	 0.054902	 0.709804	 0.874510	 1.000000
1393	459	1	 4054	 579	 5	 2966	 0.000000	-1.325817	-1.033712	 0.001000	 1.000000	 0.054902	 0.709804	 0.874510	 1.000000
1394	465	1	 3845	 1409	 9	 2988	 0.000000	-1.325235	-1.039121	 0.001000	 1.000000	 0.054902	 0.709804	 0.874510	 1.000000
1395	464	1	-862	-4004	 17	 2975	 0.000000	-1.324942	-1.034423	 0.001000	 1.000000	 0.054902	 0.709804	 0.874510	 1.000000
1396	461	1	 3922	-1179	 8	 2969	 0.000000	-1.325375	-1.033878	 0.001000	 1.000000	 0.054902	 0.709804	 0.874510	 1.000000
1397	465	1	 3845	 1409	 9	 2988	 0.000000	-1.325235	-1.039121	 0.001000	 1.000000	 0.054902	 0.709804	 0.874510	 1.000000
1398	455	1	 2278	-3403	 52	 2950	 0.000000	-1.318835	-1.028747	 0.001000	 1.000000	 0.054902	 0.709804	 0.874510	 1.000000
1399	456	1	-2571	-3187	 27	 2959	 0.000000	-1.323727	-1.030922	 0.001000	 1.000000	 0.054902	 0.709804	 0.874510	 1.000000
1400	457	1	-4004	 861	 30	 2962	 0.000000	-1.323550	-1.032860	 0.001000	 1.000000	 0.054902	 0.709804	 0.874510	 1.000000
1401	455	1	 2278	-3403	 52	 2950	 0.000000	-1.318835	-1.028747	 0.001000	 1.000000	 0.054902	 0.709804	 0.874510	 1.000000
1402	457	1	-4004	 861	 30	 2962	 0.000000	-1.323550	-1.032860	 0.001000	 1.000000	 0.054902	 0.709804	 0.874510	 1.000000
1403	460	1	-3986	-941	 33	 2968	 0.000000	-1.323078	-1.033717	 0.001000	 1.000000	 0.054902	 0.709804	 0.874510	 1.000000
1404	455	1	 2278	-3403	 52	 2950	 0.000000	-1.318835	-1.028747	 0.001000	 1.000000	 0.054902	 0.709804	 0.874510	 1.000000
1405	460	1	-3986	-941	 33	 2968	 0.000000	-1.323078	-1.033717	 0.001000	 1.000000	 0.054902	 0.709804	 0.874510	 1.000000
1406	462	1	 3964	 1030	 53	 2972	 0.000000	-1.318335	-1.035256	 0.001000	 1.000000	 0.054902	 0.709804	 0.874510	 1.000000
1407	462	1	 3964	 1030	 53	 2972	 0.000000	-1.318335	-1.035256	 0.001000	 1.000000	 0.054902	 0.709804	 0.874510	 1.000000
1408	460	1	-3986	-941	 33	 2968	 0.000000	-1.323078	-1.033717	 0.001000	 1.000000	 0.054902	 0.709804	 0.874510	 1.000000
1409	463	1	-2031	 3556	 25	 2974	 0.000000	-1.323930	-1.036495	 0.001000	 1.000000	 0.054902	 0.709804	 0.874510	 1.000000
1410	463	1	-2031	 3556	 25	 2974	 0.000000	-1.323930	-1.036495	 0.001000	 1.000000	 0.054902	 0.709804	 0.874510	 1.000000
1411	464	1	-862	-4004	 17	 2975	 0.000000	-1.324942	-1.034423	 0.001000	 1.000000	 0.054902	 0.709804	 0.874510	 1.000000
1412	465	1	 3845	 1409	 9	 2988	 0.000000	-1.325235	-1.039121	 0.001000	 1.000000	 0.054902	 0.709804	 0.874510	 1.000000
1413	462	1	 3964	 1030	 53	 2972	 0.000000	-1.318335	-1.035256	 0.001000	 1.000000	 0.054902	 0.709804	 0.874510	 1.000000
1414	463	1	-2031	 3556	 25	 2974	 0.000000	-1.323930	-1.036495	 0.001000	 1.000000	 0.054902	 0.709804	 0.874510	 1.000000
1415	465	1	 3845	 1409	 9	 2988	 0.000000	-1.325235	-1.039121	 0.001000	 1.000000	 0.054902	 0.709804	 0.874510	 1.000000
1416	462	1	 3964	 1030	 53	 2972	 0.000000	-1.318335	-1.035256	 0.001000	 1.000000	 0.054902	 0.709804	 0.874510	 1.000000
1417	465	1	 3845	 1409	 9	 2988	 0.000000	-1.325235	-1.039121	 0.001000	 1.000000	 0.054902	 0.709804	 0.874510	 1.000000
1418	466	1	 2460	 3274	 27	 3014	 0.000000	-1.322704	-1.045784	 0.001000	 1.000000	 0.054902	 0.709804	 0.874510	 1.000000
1419	466	1	 2460	 3274	 27	 3014	 0.000000	-1.322704	-1.045784	 0.001000	 1.000000	 0.054902	 0.709804	 0.874510	 1.000000
1420	465	1	 3845	 1409	 9	 2988	 0.000000	-1.325235	-1.039121	 0.001000	 1.000000	 0.054902	 0.709804	 0.874510	 1.000000
1421	467	1	 3022	 2764	-36	 3025	 0.000000	-1.332433	-1.048207	 0.001000	 1.000000	 0.054902	 0.709804	 0.874510	 1.000000
1422	466	1	 2460	 3274	 27	 3014	 0.000000	-1.322704	-1.045784	 0.001000	 1.000000	 0.054902	 0.709804	 0.874510	 1.000000
1423	467	1	 3022	 2764	-36	 3025	 0.000000	-1.332433	-1.048207	 0.001000	 1.000000	 0.054902	 0.709804	 0.874510	 1.000000
1424	468	1	 2625	 3143	-16	 3026	 0.000000	-1.329389	-1.048557	 0.001000	 1.000000	 0.054902	 0.709804	 0.874510	 1.000000
1425	467	1	 3022	 2764	-36	 3025	 0.000000	-1.332433	-1.048207	 0.001000	 1.000000	 0.054902	 0.709804	 0.874510	 1.000000
1426	469	1	 3913	 1208	-64	 3066	 0.000000	-1.336627	-1.057341	 0.001000	 1.000000	 0.054902	 0.709804	 0.874510	 1.000000
1427	470	1	 3322	-2394	-64	 3090	 0.000000	-1.336747	-1.061867	 0.001000	 1.000000	 0.054902	 0.709804	 0.874510	 1.000000
1428	467	1	 3022	 2764	-36	 3025	 0.000000	-1.332433	-1.048207	 0.001000	 1.000000	 0.054902	 0.709804	 0.874510	 1.000000
1429	470	1	 3322	-2394	-64	 3090	 0.000000	-1.336747	-1.061867	 0.001000	 1.000000	 0.054902	 0.709804	 0.874510	 1.000000
1430	471	1	 4092	 157	-52	 3094	 0.000000	-1.334715	-1.063583	 0.001000	 1.000000	 0.054902	 0.709804	 0.874510	 1.000000
1431	468	1	 2625	 3143	-16	 3026	 0.000000	-1.329389	-1.048557	 0.001000	 1.000000	 0.054902	 0.709804	 0.874510	 1.000000
1432	467	1	 3022	 2764	-36	 3025	 0.000000	-1.332433	-1.048207	 0.001000	 1.000000	 0.054902	 0.709804	 0.874510	 1.000000
1433	471	1	 4092	 157	-52	 3094	 0.000000	-1.334715	-1.063583	 0.001000	 1.000000	 0.054902	 0.709804	 0.874510	 1.000000
1434	468	1	 2625	 3143	-16	 3026	 0.000000	-1.329389	-1.048557	 0.001000	 1.000000	 0.054902	 0.709804	 0.874510	 1.000000
1435	471	1	 4092	 157	-52	 3094	 0.000000	-1.334715	-1.063583	 0.001000	 1.000000	 0.054902	 0.709804	 0.874510	 1.000000
1436	473	1	-916	 3992	-64	 3125	 0.000000	-1.337609	-1.072019	 0.001000	 1.000000	 0.054902	 0.709804	 0.874510	 1.000000
1437	471	1	 4092	 157	-52	 3094	 0.000000	-1.334715	-1.063583	 0.001000	 1.000000	 0.054902	 0.709804	 0.874510	 1.000000
1438	472	1	 3228	 2520	-64	 3097	 0.000000	-1.336766	-1.065007	 0.001000	 1.000000	 0.054902	 0.709804	 0.874510	 1.000000
1439	473	1	-916	 3992	-64	 3125	 0.000000	-1.337609	-1.072019	 0.001000	 1.000000	 0.054902	 0.709804	 0.874510	 1.000000
1440	475	1	 3503	-2121	 3744	 4001	 0.000000	-0.741710	-1.275466	 0.001000	 1.000000	 0.054902	 0.709804	 0.874510	 1.000000
1441	474	1	 0	 0	 3739	 3972	 0.000000	-0.743204	-1.269316	 0.001000	 1.000000	 0.054902	 0.709804	 0.874510	 1.000000
1442	477	1	 4076	 403	 3723	 4023	 0.000000	-0.744875	-1.281393	 0.001000	 1.000000	 0.054902	 0.709804	 0.874510	 1.000000
1443	476	1	 3500	-2126	 3761	 4014	 0.000000	-0.739055	-1.278511	 0.001000	 1.000000	 0.054902	 0.709804	 0.874510	 1.000000
1444	475	1	 3503	-2121	 3744	 4001	 0.000000	-0.741710	-1.275466	 0.001000	 1.000000	 0.054902	 0.709804	 0.874510	 1.000000
1445	477	1	 4076	 403	 3723	 4023	 0.000000	-0.744875	-1.281393	 0.001000	 1.000000	 0.054902	 0.709804	 0.874510	 1.000000
1446	476	1	 3500	-2126	 3761	 4014	 0.000000	-0.739055	-1.278511	 0.001000	 1.000000	 0.054902	 0.709804	 0.874510	 1.000000
1447	477	1	 4076	 403	 3723	 4023	 0.000000	-0.744875	-1.281393	 0.001000	 1.000000	 0.054902	 0.709804	 0.874510	 1.000000
1448	478	1	 3560	-2024	 3726	 4051	 0.000000	-0.744511	-1.287214	 0.001000	 1.000000	 0.054902	 0.709804	 0.874510	 1.000000
1449	476	1	 3500	-2126	 3761	 4014	 0.000000	-0.739055	-1.278511	 0.001000	 1.000000	 0.054902	 0.709804	 0.874510	 1.000000
1450	478	1	 3560	-2024	 3726	 4051	 0.000000	-0.744511	-1.287214	 0.001000	 1.000000	 0.054902	 0.709804	 0.874510	 1.000000
1451	479	1	 3683	-1790	 3758	 4075	 0.000000	-0.739486	-1.292911	 0.001000	 1.000000	 0.054902	 0.709804	 0.874510	 1.000000
1452	476	1	 3500	-2126	 3761	 4014	 0.000000	-0.739055	-1.278511	 0.001000	 1.000000	 0.054902	 0.709804	 0.874510	 1.000000
1453	479	1	 3683	-1790	 3758	 4075	 0.000000	-0.739486	-1.292911	 0.001000	 1.000000	 0.054902	 0.709804	 0.874510	 1.000000
1454	480	1	 3102	-2674	 3774	 4088	 0.000000	-0.737105	-1.295688	 0.001000	 1.000000	 0.054902	 0.709804	 0.874510	 1.000000
1455	481	1	 2809	-2980	 3807	 4099	 0.000000	-0.732008	-1.298173	 0.001000	 1.000000	 0.054902	 0.709804	 0.874510	 1.000000
1456	480	1	 3102	-2674	 3774	 4088	 0.000000	-0.737105	-1.295688	 0.001000	 1.000000	 0.054902	 0.709804	 0.874510	 1.000000
1457	482	1	 3604	 1945	 3815	 4119	 0.000000	-0.730596	-1.304363	 0.001000	 1.000000	 0.054902	 0.709804	 0.874510	 1.000000
1458	480	1	 3102	-2674	 3774	 4088	 0.000000	-0.737105	-1.295688	 0.001000	 1.000000	 0.054902	 0.709804	 0.874510	 1.000000
1459	479	1	 3683	-1790	 3758	 4075	 0.000000	-0.739486	-1.292911	 0.001000	 1.000000	 0.054902	 0.709804	 0.874510	 1.000000
1460	483	1	 3830	 1451	 3757	 4120	 0.000000	-0.739613	-1.304447	 0.001000	 1.000000	 0.054902	 0.709804	 0.874510	 1.000000
1461	482	1	 3604	 1945	 3815	 4119	 0.000000	-0.730596	-1.304363	 0.001000	 1.000000	 0.054902	 0.709804	 0.874510	 1.000000
1462	480	1	 3102	-2674	 3774	 4088	 0.000000	-0.737105	-1.295688	 0.001000	 1.000000	 0.054902	 0.709804	 0.874510	 1.000000
1463	483	1	 3830	 1451	 3757	 4120	 0.000000	-0.739613	-1.304447	 0.001000	 1.000000	 0.054902	 0.709804	 0.874510	 1.000000
1464	482	1	 3604	 1945	 3815	 4119	 0.000000	-0.730596	-1.304363	 0.001000	 1.000000	 0.054902	 0.709804	 0.874510	 1.000000
1465	483	1	 3830	 1451	 3757	 4120	 0.000000	-0.739613	-1.304447	 0.001000	 1.000000	 0.054902	 0.709804	 0.874510	 1.000000
1466	484	1	 3524	-2086	 3746	 4133	 0.000000	-0.741394	-1.306414	 0.001000	 1.000000	 0.054902	 0.709804	 0.874510	 1.000000
